﻿NOMINATIVO;MATRICOLA;DATA ASSUNZIONE;DATA TERMINE;STATO;ORE SALDO FERIE/ROLL;GIORNI SALDO FERIE/ROLL
ARITON STEFAN;3141;26/10/2023;;ATTIVO;59,5;9,6
AZIMAR GABRIEL KWAKUNGE;2449;02/01/2022;;ATTIVO;248,17;40,03
BACIU VALENTIN;2;09/08/2016;;ATTIVO;374,06;60,33
BELMOR AHMED;1406;02/01/2019;;ATTIVO;226,02;36,45
BENAYA HARAT;2137;04/01/2021;;ATTIVO;152,4;24,58
BERNARDO MAURIZIO;2132;04/01/2021;;ATTIVO;192,73;31,09
BISCEGLIE PAOLO;2141;04/01/2021;;ATTIVO;216,57;34,93
BOULYAF MOHAMED;2941;29/05/2023;;ATTIVO;104,95;16,93
BOUNAHROUF HASSAN;3276;23/03/2024;;ATTIVO;11,72;1,89
BOVI GIANMARIA;2017;11/02/2020;;ATTIVO;30,01;4,84
CAMARA ALEX;2866;04/04/2023;;ATTIVO;161,23;26
CANNETO MARCO;2144;04/01/2021;;ATTIVO;230,73;37,21
CARDON ALESSIO;2721;10/03/2022;;ATTIVO;102,39;16,52
CASSANDRA MICHELE;2830;03/08/2023;;ATTIVO;84,45;13,62
CEBOLI ANDREA;1353;26/11/2018;;ATTIVO;171,13;27,6
CECCHETTI SAMUELE;1529;27/05/2019;;ATTIVO;157,29;25,37
CROCEAN ANTONIO;3190;18/03/2024;;ATTIVO;13,72;2,21
COLOMBINA MARIA;2477;14/12/2023;11/01/2024;TERMINATO;;
CRESCENTE ETTORE;3258;18/03/2022;31/01/2024;TERMINATO;;
DIMAS KHADIMIR;2836;16/03/2023;;ATTIVO;113,62;18,33
DUMEATUR DANIEL;2865;17/04/2023;;ATTIVO;25,34;4,09
EMEKHOR ISO OMONGIATE;3065;08/03/2023;;ATTIVO;116,67;18,82
EL BADEO ABDERHIM;1407;02/01/2019;;ATTIVO;189,85;30,62
ELBERT LESLY RAN PAOL;2272;07/03/2024;;ATTIVO;27,45;4,43
EL KASTANJI ABDELALI;3246;30/06/2021;;ATTIVO;209,73;33,83
EMITOR JOHN;3009;27/06/2023;31/01/2024;TERMINATO;;
FATAN HMIDA;2754;29/11/2022;;ATTIVO;176,28;28,43
FERNANDO DANIEL NADEEN SAMMAT;2887;18/04/2023;;ATTIVO;151,34;24,41
FERRERO RICCARDO;1173;06/11/2018;;ATTIVO;12,24;1,61
FORNARI VALERIO;3245;07/03/2024;;ATTIVO;21,11;3,41
GAVAN OVIDIU ION;3164;20/11/2023;;ATTIVO;61,28;9,88
GNOCCHI BARTOLOMEO;1117;05/07/2018;;ATTIVO;222,19;35,84
GORGHI ENEA;2133;04/01/2021;;ATTIVO;24,23;3,91
GRAZIA DAMIANO;3186;12/11/2023;;ATTIVO;49,61;8
GUARDO ARIEL;2967;06/05/2023;28/02/2024;TERMINATO;;
HAFEJAN MUSTAPHA;3089;09/06/2023;14/01/2024;TERMINATO;;
HUQIJ GIORDIVAN;1718;13/01/2020;;ATTIVO;105,9;17,08
IAVECCO FIORENZO;1623;08/12/2019;;ATTIVO;122,18;19,71
IKPEMUBA MATTHEW;2868;17/04/2023;10/01/2024;TERMINATO;;
JOBARTEH JAMES;2971;21/06/2023;;ATTIVO;26,23;4,23
JOOFENTU OUSAIN;2800;24/01/2023;;ATTIVO;66,5;10,73
KEBBEHPBARTE EMANUEL;2482;04/04/2022;;ATTIVO;144,73;23,34
LACRIMA RENATO;3214;22/01/2024;05/02/2024;TERMINATO;;
LAHMAMIANI AHMED;1905;08/03/2020;;ATTIVO;238,68;38,5
LAMA IVANO;2811;02/10/2023;;ATTIVO;95,67;15,43
LANDONI ENRICO;1657;24/10/2019;;ATTIVO;227,18;36,64
LEJAK ANKEL;2139;04/01/2021;;ATTIVO;157,57;25,41
LUTANURI ANDREI;3216;24/01/2024;;ATTIVO;27;4,35
MAGGIO CECILIA;3236;12/10/2023;;ATTIVO;36,07;4,75
MARCHE BIANCA;3129;22/02/2024;;ATTIVO;23,95;3,78
MARKOVIC DAN;3064;08/03/2023;;ATTIVO;64;10,32
MARTINO ELISABETTA;3222;01/02/2024;05/02/2024;TERMINATO;;
MAXIMUS FLORENS;2867;04/07/2023;31/01/2024;TERMINATO;;
MOSTO CLAUDIO;2280;07/12/2021;;ATTIVO;163,45;21,51
NADMI YOUF ABDELAZIZ;2134;04/01/2021;;ATTIVO;164,01;26,45
NDIAYEMINTU MORGAN;2652;15/07/2022;;ATTIVO;241,9;39,02
OKOI OBEHI;3068;08/04/2023;31/01/2024;TERMINATO;;
OKUNTO COLLINS MOR;3142;26/10/2023;;ATTIVO;63,34;10,22
PACCALTO TITO;3155;14/11/2023;;ATTIVO;50,67;8,17
PANTER ROMAN;1858;22/06/2020;;ATTIVO;283,24;45,68
PINNA LUCA;3209;18/01/2024;30/04/2024;TERMINATO;;
POMPEO ANDREA;3088;09/06/2023;;ATTIVO;78,11;12,6
PRESSA MARCO;1313;25/10/2018;16/04/2024;TERMINATO;;
REL HAJ HASSANE;2142;04/01/2021;;ATTIVO;-0,49;-0,08
RUSSO VITTORIO;2828;13/03/2023;;ATTIVO;129,12;20,83
RUSU ABHRAM;1848;06/08/2020;;ATTIVO;187,96;30,32
RUSU DANIEL;2908;05/02/2023;31/01/2024;TERMINATO;;
SANCHEZ FIGARO LUCAS;2143;04/01/2021;;ATTIVO;90,4;14,58
SANTONI DAVIDE;3063;08/01/2023;;ATTIVO;106,17;13,97
SCHIAVON ALVISE;2306;27/07/2021;;ATTIVO;352,84;56,91
SCHIAVON LUCA;1897;20/07/2020;;ATTIVO;178,51;28,79
SCHIAVON MIRCO;1274;13/09/2018;;ATTIVO;82,52;13,31
SETA MANUELE;2524;16/05/2022;;ATTIVO;171,34;27,64
SEYDINI EL HAJ;2722;10/03/2022;;ATTIVO;171,56;27,67
SGARRO MAURO;2523;16/05/2022;;ATTIVO;66,01;10,65
SOLMINI ESTEO;1996;10/08/2020;;ATTIVO;280,57;45,25
SULAJDINI RADU;978;08/01/2017;;ATTIVO;417,36;67,32
SUL FORTIS;2813;15/02/2023;;ATTIVO;98,78;15,93
TAEJIQI NENAD;2431;01/03/2022;;ATTIVO;46,73;7,54
TALMA VITAL;3300;18/04/2024;;ATTIVO;0;0
TERRIZZO STEFANO;1992;10/01/2020;;ATTIVO;196,57;31,7
TRAMA NICOLA;897;06/01/2017;;ATTIVO;187,97;30,32
VALIU ION;3247;11/03/2024;;ATTIVO;27,45;4,43
VECCHIO ROBERTO;2802;02/01/2023;;ATTIVO;129,84;20,94
VILLAS GAGA FERNANDO ALEJANDRO ROBERTO;3091;09/06/2023;;ATTIVO;89,61;14,45
ZATTERA ASIA;2284;07/12/2021;;ATTIVO;54,89;7,22
ZOMPELLATO FRANCESCO;3229;16/02/2024;18/04/2024;TERMINATO;;
