﻿NOMINATIVO;MATRICOLA;DATA INIZIO;DATA FINE;TIPOLOGIA ASSENZA;N. ASSENZA GIORNI LAVORATIVI TOTALI;NOTE/ PROVVEDIMENTI;STRINGA PER DUPLICATI
EL KASTANJI ABDELALI;3246;01/01/2024;29/02/2024;CONGEDO;50;PARENTALE;EL KASTANJI ABDELALI32464529245351CONGEDO
TRAMA NICOLA;897;01/01/2024;08/01/2024;MALATTIA;5;;TRAMA NICOLA8974529245299MALATTIA
SANCHEZ FIGARO LUCAS;2143;01/01/2024;01/01/2024;MALATTIA;0;;SANCHEZ FIGARO LUCAS21434529245292MALATTIA
SANCHEZ FIGARO LUCAS;2143;02/01/2024;04/01/2024;MALATTIA;3;;SANCHEZ FIGARO LUCAS21434529345295MALATTIA
RUSSO VITTORIO;2828;02/01/2024;03/01/2024;MALATTIA;2;;RUSSO VITTORIO28284529345294MALATTIA
SANTONI DAVIDE;3063;02/01/2024;02/01/2024;FERIE;1;;SANTONI DAVIDE30634529345293FERIE
BERNARDO MAURIZIO;2132;02/01/2024;04/01/2024;MALATTIA;3;;BERNARDO MAURIZIO21324529345295MALATTIA
GORGHI ENEA;2133;02/01/2024;02/01/2024;PERMESSO NON RETRIBUITO;1;ASSENZA INGIUSTIFICATA - DICHIARA CHE NON PARTE LA MACCHINA;GORGHI ENEA21334529345293PERMESSO NON RETRIBUITO
IKPEMUBA MATTHEW;2868;02/01/2024;02/01/2024;PERMESSO NON RETRIBUITO;1;ASSENZA INGIUSTIFICATA - DICHIARA DI ESSER MALATO, NO N. DI PROTOCOLLO;IKPEMUBA MATTHEW28684529345293PERMESSO NON RETRIBUITO
JOOFENTU OUSAIN;2800;03/01/2024;03/01/2024;FERIE;1;"CAUSA PERMESSO DI SOGG. 
(fissato da mesi, ma chiesto solo il 29.12)";JOOFENTU OUSAIN28004529445294FERIE
OKOI OBEHI;3068;04/01/2024;06/01/2024;MALATTIA;2;;OKOI OBEHI30684529545297MALATTIA
FERNANDO DANIEL NADEEN SAMMAT;2887;04/01/2024;04/01/2024;FERIE;1;;FERNANDO DANIEL NADEEN SAMMAT28874529545295FERIE
BERNARDO MAURIZIO;2132;05/01/2024;08/01/2024;MALATTIA;2;;BERNARDO MAURIZIO21324529645299MALATTIA
TERRIZZO STEFANO;1992;05/01/2024;05/01/2024;FERIE;1;;TERRIZZO STEFANO19924529645296FERIE
GUARDO ARIEL;2967;05/01/2024;05/01/2024;FERIE;1;;GUARDO ARIEL29674529645296FERIE
SCHIAVON MIRCO;1274;05/01/2024;05/01/2024;FERIE;1;;SCHIAVON MIRCO12744529645296FERIE
RUSU ABHRAM;1848;05/01/2024;05/01/2024;FERIE;1;;RUSU ABHRAM18484529645296FERIE
SANCHEZ FIGARO LUCAS;2143;05/01/2024;05/01/2024;FERIE;1;ASSENZA INGIUSTIFICATA, MALATTIA NO N. PROTOCOLLO;SANCHEZ FIGARO LUCAS21434529645296FERIE
BENAYA HARAT;2137;06/01/2024;06/01/2024;FESTIVO;0;;BENAYA HARAT21374529745297FESTIVO
BERNARDO MAURIZIO;2132;06/01/2024;06/01/2024;FESTIVO;0;INTEGRATA NELLA MALATTIA;BERNARDO MAURIZIO21324529745297FESTIVO
BISCEGLIE PAOLO;2141;06/01/2024;06/01/2024;FESTIVO;0;;BISCEGLIE PAOLO21414529745297FESTIVO
CANNETO MARCO;2144;06/01/2024;06/01/2024;FESTIVO;0;;CANNETO MARCO21444529745297FESTIVO
CARDON ALESSIO;2721;06/01/2024;06/01/2024;FESTIVO;0;;CARDON ALESSIO27214529745297FESTIVO
CEBOLI ANDREA;1353;06/01/2024;06/01/2024;FESTIVO;0;;CEBOLI ANDREA13534529745297FESTIVO
EL KASTANJI ABDELALI;3246;06/01/2024;06/01/2024;FESTIVO;0;INTEGRATA NEL CONGEDO;EL KASTANJI ABDELALI32464529745297FESTIVO
GORGHI ENEA;2133;06/01/2024;06/01/2024;FESTIVO;0;;GORGHI ENEA21334529745297FESTIVO
GUARDO ARIEL;2967;06/01/2024;06/01/2024;FESTIVO;0;;GUARDO ARIEL29674529745297FESTIVO
HUQIJ GIORDIVAN;1718;06/01/2024;06/01/2024;FESTIVO;0;;HUQIJ GIORDIVAN17184529745297FESTIVO
KEBBEHPBARTE EMANUEL;2482;06/01/2024;06/01/2024;FESTIVO;0;;KEBBEHPBARTE EMANUEL24824529745297FESTIVO
LAMA IVANO;2811;06/01/2024;06/01/2024;FESTIVO;0;;LAMA IVANO28114529745297FESTIVO
MARKOVIC DAN;3064;06/01/2024;06/01/2024;FESTIVO;0;;MARKOVIC DAN30644529745297FESTIVO
MAXIMUS FLORENS;2867;06/01/2024;06/01/2024;FESTIVO;0;;MAXIMUS FLORENS28674529745297FESTIVO
MOSTO CLAUDIO;2280;06/01/2024;06/01/2024;FESTIVO;0;;MOSTO CLAUDIO22804529745297FESTIVO
NADMI YOUF ABDELAZIZ;2134;06/01/2024;06/01/2024;FESTIVO;0;;NADMI YOUF ABDELAZIZ21344529745297FESTIVO
OKOI OBEHI;3068;06/01/2024;06/01/2024;FESTIVO;0;INTEGRATA NELLA MALATTIA;OKOI OBEHI30684529745297FESTIVO
REL HAJ HASSANE;2142;06/01/2024;06/01/2024;FESTIVO;0;;REL HAJ HASSANE21424529745297FESTIVO
RUSU ABHRAM;1848;06/01/2024;06/01/2024;FESTIVO;0;;RUSU ABHRAM18484529745297FESTIVO
SANCHEZ FIGARO LUCAS;2143;06/01/2024;06/01/2024;FESTIVO;0;;SANCHEZ FIGARO LUCAS21434529745297FESTIVO
SCHIAVON LUCA;1897;06/01/2024;06/01/2024;FESTIVO;0;;SCHIAVON LUCA18974529745297FESTIVO
SCHIAVON MIRCO;1274;06/01/2024;06/01/2024;FESTIVO;0;;SCHIAVON MIRCO12744529745297FESTIVO
SETA MANUELE;2524;06/01/2024;06/01/2024;FESTIVO;0;;SETA MANUELE25244529745297FESTIVO
SULAJDINI RADU;978;06/01/2024;06/01/2024;FESTIVO;0;;SULAJDINI RADU9784529745297FESTIVO
TERRIZZO STEFANO;1992;06/01/2024;06/01/2024;FESTIVO;0;;TERRIZZO STEFANO19924529745297FESTIVO
TRAMA NICOLA;897;06/01/2024;06/01/2024;FESTIVO;0;INTEGRATA NELLA MALATTIA;TRAMA NICOLA8974529745297FESTIVO
COLOMBINA MARIA;2477;06/01/2024;06/01/2024;FESTIVO;0;;COLOMBINA MARIA24774529745297FESTIVO
MAGGIO CECILIA;3236;06/01/2024;06/01/2024;FESTIVO;0;;MAGGIO CECILIA32364529745297FESTIVO
ZATTERA ASIA;2284;06/01/2024;06/01/2024;FESTIVO;0;;ZATTERA ASIA22844529745297FESTIVO
SCHIAVON LUCA;1897;08/01/2024;20/01/2024;FERIE;12;;SCHIAVON LUCA18974529945311FERIE
GORGHI ENEA;2133;08/01/2024;08/01/2024;ASSENZA INGIUSTIFICATA;1;ASSENZA INGIUSTIFICATA - DICHIARA DI ESSER MALATO, NO N. DI PROTOCOLLO;GORGHI ENEA21334529945299ASSENZA INGIUSTIFICATA
MAXIMUS FLORENS;2867;08/01/2024;10/01/2024;MALATTIA;3;;MAXIMUS FLORENS28674529945301MALATTIA
MARKOVIC DAN;3064;08/01/2024;08/01/2024;FERIE;1;;MARKOVIC DAN30644529945299FERIE
BELMOR AHMED;1406;08/01/2024;09/01/2024;FERIE;2;;BELMOR AHMED14064529945300FERIE
CANNETO MARCO;2144;09/01/2024;09/01/2024;CONGEDO;1;SINDACALE;CANNETO MARCO21444530045300CONGEDO
TRAMA NICOLA;897;09/01/2024;15/01/2024;MALATTIA;6;;TRAMA NICOLA8974530045306MALATTIA
BOVI GIANMARIA;2017;09/01/2024;10/01/2024;FERIE;2;RICHIESTE DA CSQ;BOVI GIANMARIA20174530045301FERIE
SANCHEZ FIGARO LUCAS;2143;09/01/2024;10/01/2024;FERIE;2;RICHIESTE DA CSQ;SANCHEZ FIGARO LUCAS21434530045301FERIE
CEBOLI ANDREA;1353;09/01/2024;10/01/2024;FERIE;2;RICHIESTE DA CSQ;CEBOLI ANDREA13534530045301FERIE
SGARRO MAURO;2523;09/01/2024;10/01/2024;FERIE;2;RICHIESTE DA CSQ;SGARRO MAURO25234530045301FERIE
POMPEO ANDREA;3088;09/01/2024;10/01/2024;FERIE;2;RICHIESTE DA CSQ;POMPEO ANDREA30884530045301FERIE
TAEJIQI NENAD;2431;09/01/2024;10/01/2024;FERIE;2;RICHIESTE DA CSQ;TAEJIQI NENAD24314530045301FERIE
SEYDINI EL HAJ;2722;09/01/2024;10/01/2024;FERIE;2;RICHIESTE DA CSQ;SEYDINI EL HAJ27224530045301FERIE
CARDON ALESSIO;2721;09/01/2024;10/01/2024;FERIE;2;RICHIESTE DA CSQ;CARDON ALESSIO27214530045301FERIE
PANTER ROMAN;1858;09/01/2024;10/01/2024;FERIE;2;RICHIESTE DA CSQ;PANTER ROMAN18584530045301FERIE
EMITOR JOHN;3009;09/01/2024;10/01/2024;FERIE;2;RICHIESTE DA CSQ;EMITOR JOHN30094530045301FERIE
OKOI OBEHI;3068;09/01/2024;10/01/2024;FERIE;2;RICHIESTE DA CSQ;OKOI OBEHI30684530045301FERIE
FERRERO RICCARDO;1173;10/01/2024;13/01/2024;FERIE;4;;FERRERO RICCARDO11734530145304FERIE
CANNETO MARCO;2144;10/01/2024;10/01/2024;CONGEDO;1;STUDIO;CANNETO MARCO21444530145301CONGEDO
JOBARTEH JAMES;2971;10/01/2024;18/01/2024;FERIE;8;;JOBARTEH JAMES29714530145309FERIE
BACIU VALENTIN;2;10/01/2024;30/01/2024;MALATTIA;18;;BACIU VALENTIN24530145321MALATTIA
NADMI YOUF ABDELAZIZ;2134;10/01/2024;10/01/2024;FERIE;1;RICHIESTE DA CSQ;NADMI YOUF ABDELAZIZ21344530145301FERIE
REL HAJ HASSANE;2142;10/01/2024;10/01/2024;FERIE;1;RICHIESTE DA CSQ;REL HAJ HASSANE21424530145301FERIE
RUSU DANIEL;2908;10/01/2024;10/01/2024;FERIE;1;RICHIESTE DA CSQ;RUSU DANIEL29084530145301FERIE
LEJAK ANKEL;2139;10/01/2024;10/01/2024;FERIE;1;RICHIESTE DA CSQ;LEJAK ANKEL21394530145301FERIE
HUQIJ GIORDIVAN;1718;11/01/2024;13/01/2024;FERIE;3;RICHIESTE DA CSQ;HUQIJ GIORDIVAN17184530245304FERIE
SUL FORTIS;2813;11/01/2024;11/01/2024;FERIE;1;;SUL FORTIS28134530245302FERIE
RUSU DANIEL;2908;12/01/2024;13/01/2024;FERIE;2;RICHIESTE DA CSQ;RUSU DANIEL29084530345304FERIE
GNOCCHI BARTOLOMEO;1117;12/01/2024;13/01/2024;FERIE;2;RICHIESTE DA CSQ;GNOCCHI BARTOLOMEO11174530345304FERIE
CECCHETTI SAMUELE;1529;12/01/2024;13/01/2024;FERIE;2;RICHIESTE DA CSQ;CECCHETTI SAMUELE15294530345304FERIE
BISCEGLIE PAOLO;2141;12/01/2024;13/01/2024;FERIE;2;RICHIESTE DA CSQ;BISCEGLIE PAOLO21414530345304FERIE
SCHIAVON MIRCO;1274;12/01/2024;12/01/2024;FERIE;1;RICHIESTE DA CSQ;SCHIAVON MIRCO12744530345303FERIE
GUARDO ARIEL;2967;12/01/2024;13/01/2024;FERIE;2;RICHIESTE DA CSQ;GUARDO ARIEL29674530345304FERIE
BERNARDO MAURIZIO;2132;12/01/2024;12/01/2024;FERIE;1;RICHIESTE DA CSQ;BERNARDO MAURIZIO21324530345303FERIE
LAMA IVANO;2811;12/01/2024;13/01/2024;CONGEDO;2;RICHIESTE DA CSQ, PATERNITA' OBBLIGATORIA;LAMA IVANO28114530345304CONGEDO
BERNARDO MAURIZIO;2132;13/01/2024;13/01/2024;CONGEDO;1;104;BERNARDO MAURIZIO21324530445304CONGEDO
MARKOVIC DAN;3064;13/01/2024;13/01/2024;FERIE;1;RICHIESTE DA CSQ;MARKOVIC DAN30644530445304FERIE
KEBBEHPBARTE EMANUEL;2482;13/01/2024;13/01/2024;FERIE;1;RICHIESTE DA CSQ;KEBBEHPBARTE EMANUEL24824530445304FERIE
HAFEJAN MUSTAPHA;3089;13/01/2024;13/01/2024;FERIE;1;;HAFEJAN MUSTAPHA30894530445304FERIE
CANNETO MARCO;2144;15/01/2024;15/01/2024;CONGEDO;1;STUDIO;CANNETO MARCO21444530645306CONGEDO
VECCHIO ROBERTO;2802;15/01/2024;15/01/2024;FERIE;1;;VECCHIO ROBERTO28024530645306FERIE
LAMA IVANO;2811;15/01/2024;15/01/2024;MALATTIA;1;;LAMA IVANO28114530645306MALATTIA
AZIMAR GABRIEL KWAKUNGE;2449;15/01/2024;17/01/2024;FERIE;3;;AZIMAR GABRIEL KWAKUNGE24494530645308FERIE
FERRERO RICCARDO;1173;16/01/2024;20/01/2024;FERIE;5;;FERRERO RICCARDO11734530745311FERIE
CASSANDRA MICHELE;2830;16/01/2024;16/01/2024;FERIE;1;;CASSANDRA MICHELE28304530745307FERIE
BOULYAF MOHAMED;2941;16/01/2024;17/01/2024;FERIE;2;RICHIESTE DA CSQ;BOULYAF MOHAMED29414530745308FERIE
EMITOR JOHN;3009;16/01/2024;17/01/2024;FERIE;2;RICHIESTE DA CSQ;EMITOR JOHN30094530745308FERIE
CARDON ALESSIO;2721;16/01/2024;17/01/2024;FERIE;2;RICHIESTE DA CSQ;CARDON ALESSIO27214530745308FERIE
LAMA IVANO;2811;16/01/2024;17/01/2024;FERIE;2;RICHIESTE DA CSQ;LAMA IVANO28114530745308FERIE
CANNETO MARCO;2144;16/01/2024;17/01/2024;FERIE;2;RICHIESTE DA CSQ;CANNETO MARCO21444530745308FERIE
TRAMA NICOLA;897;16/01/2024;05/02/2024;MALATTIA;18;;TRAMA NICOLA8974530745327MALATTIA
IAVECCO FIORENZO;1623;17/01/2024;17/01/2024;FERIE;1;RICHIESTE DA CSQ;IAVECCO FIORENZO16234530845308FERIE
OKUNTO COLLINS MOR;3142;17/01/2024;17/01/2024;FERIE;1;RICHIESTE DA CSQ;OKUNTO COLLINS MOR31424530845308FERIE
LEJAK ANKEL;2139;17/01/2024;17/01/2024;FERIE;1;RICHIESTE DA CSQ;LEJAK ANKEL21394530845308FERIE
RUSU DANIEL;2908;17/01/2024;17/01/2024;FERIE;1;RICHIESTE DA CSQ;RUSU DANIEL29084530845308FERIE
SCHIAVON MIRCO;1274;17/01/2024;17/01/2024;FERIE;1;RICHIESTE DA CSQ;SCHIAVON MIRCO12744530845308FERIE
MAXIMUS FLORENS;2867;17/01/2024;17/01/2024;FERIE;1;RICHIESTE DA CSQ;MAXIMUS FLORENS28674530845308FERIE
REL HAJ HASSANE;2142;17/01/2024;17/01/2024;FERIE;1;RICHIESTE DA CSQ;REL HAJ HASSANE21424530845308FERIE
NADMI YOUF ABDELAZIZ;2134;17/01/2024;17/01/2024;FERIE;1;RICHIESTE DA CSQ;NADMI YOUF ABDELAZIZ21344530845308FERIE
SANCHEZ FIGARO LUCAS;2143;17/01/2024;18/01/2024;MALATTIA;2;;SANCHEZ FIGARO LUCAS21434530845309MALATTIA
FATAN HMIDA;2754;17/01/2024;20/01/2024;MALATTIA;4;;FATAN HMIDA27544530845311MALATTIA
BISCEGLIE PAOLO;2141;18/01/2024;18/01/2024;FERIE;1;;BISCEGLIE PAOLO21414530945309FERIE
GUARDO ARIEL;2967;18/01/2024;20/01/2024;MALATTIA;3;;GUARDO ARIEL29674530945311MALATTIA
DIMAS KHADIMIR;2836;19/01/2024;19/01/2024;CONGEDO;1;PATERNITA' OBBLIGATORIA;DIMAS KHADIMIR28364531045310CONGEDO
MAGGIO CECILIA;3236;19/01/2024;19/01/2024;MALATTIA;1;;MAGGIO CECILIA32364531045310MALATTIA
IAVECCO FIORENZO;1623;20/01/2024;20/01/2024;FERIE;1;;IAVECCO FIORENZO16234531145311FERIE
BERNARDO MAURIZIO;2132;20/01/2024;20/01/2024;CONGEDO;1;104;BERNARDO MAURIZIO21324531145311CONGEDO
KEBBEHPBARTE EMANUEL;2482;20/01/2024;20/01/2024;FERIE;1;;KEBBEHPBARTE EMANUEL24824531145311FERIE
SCHIAVON ALVISE;2306;22/01/2024;24/01/2024;FERIE;3;RICHIESTE DA CSQ;SCHIAVON ALVISE23064531345315FERIE
SUL FORTIS;2813;22/01/2024;22/01/2024;FERIE;1;;SUL FORTIS28134531345313FERIE
LEJAK ANKEL;2139;22/01/2024;24/01/2024;FERIE;3;RICHIESTE DA CSQ;LEJAK ANKEL21394531345315FERIE
SETA MANUELE;2524;22/01/2024;22/01/2024;FERIE;1;;SETA MANUELE25244531345313FERIE
FERRERO RICCARDO;1173;23/01/2024;27/01/2024;FERIE;5;;FERRERO RICCARDO11734531445318FERIE
CARDON ALESSIO;2721;23/01/2024;23/01/2024;FERIE;1;RICHIESTE DA CSQ;CARDON ALESSIO27214531445314FERIE
OKOI OBEHI;3068;23/01/2024;24/01/2024;FERIE;2;RICHIESTE DA CSQ;OKOI OBEHI30684531445315FERIE
SEYDINI EL HAJ;2722;23/01/2024;24/01/2024;FERIE;2;RICHIESTE DA CSQ;SEYDINI EL HAJ27224531445315FERIE
EMITOR JOHN;3009;23/01/2024;24/01/2024;FERIE;2;RICHIESTE DA CSQ;EMITOR JOHN30094531445315FERIE
GNOCCHI BARTOLOMEO;1117;23/01/2024;23/01/2024;FERIE;1;;GNOCCHI BARTOLOMEO11174531445314FERIE
MAXIMUS FLORENS;2867;23/01/2024;24/01/2024;FERIE;2;RICHIESTE DA CSQ;MAXIMUS FLORENS28674531445315FERIE
PRESSA MARCO;1313;23/01/2024;23/01/2024;FERIE;1;ASSENZA INGIUSTIFICATA;PRESSA MARCO13134531445314FERIE
KEBBEHPBARTE EMANUEL;2482;23/01/2024;23/01/2024;FERIE;1;;KEBBEHPBARTE EMANUEL24824531445314FERIE
BENAYA HARAT;2137;23/01/2024;23/01/2024;FERIE;1;;BENAYA HARAT21374531445314FERIE
NADMI YOUF ABDELAZIZ;2134;24/01/2024;24/01/2024;FERIE;1;RICHIESTE DA CSQ;NADMI YOUF ABDELAZIZ21344531545315FERIE
REL HAJ HASSANE;2142;24/01/2024;24/01/2024;FERIE;1;RICHIESTE DA CSQ;REL HAJ HASSANE21424531545315FERIE
CARDON ALESSIO;2721;24/01/2024;25/01/2024;FERIE;2;;CARDON ALESSIO27214531545316FERIE
TERRIZZO STEFANO;1992;24/01/2024;24/01/2024;FERIE;1;;TERRIZZO STEFANO19924531545315FERIE
SCHIAVON MIRCO;1274;24/01/2024;26/01/2024;MALATTIA;3;;SCHIAVON MIRCO12744531545317MALATTIA
GORGHI ENEA;2133;24/01/2024;27/01/2024;MALATTIA;4;;GORGHI ENEA21334531545318MALATTIA
PRESSA MARCO;1313;24/01/2024;27/01/2024;FERIE;4;ACCETTATE A POSTERIORI IN VIA STRAORDINARIA;PRESSA MARCO13134531545318FERIE
PINNA LUCA;3209;24/01/2024;24/01/2024;FERIE;1;;PINNA LUCA32094531545315FERIE
SUL FORTIS;2813;25/01/2024;25/01/2024;FERIE;1;FIGLIO IN OSPEDALE;SUL FORTIS28134531645316FERIE
SANCHEZ FIGARO LUCAS;2143;25/01/2024;27/01/2024;MALATTIA;3;;SANCHEZ FIGARO LUCAS21434531645318MALATTIA
GUARDO ARIEL;2967;25/01/2024;25/01/2024;FERIE;1;;GUARDO ARIEL29674531645316FERIE
SCHIAVON LUCA;1897;26/01/2024;26/01/2024;FERIE;1;;SCHIAVON LUCA18974531745317FERIE
CANNETO MARCO;2144;26/01/2024;27/01/2024;FERIE;2;;CANNETO MARCO21444531745318FERIE
BERNARDO MAURIZIO;2132;27/01/2024;27/01/2024;CONGEDO;1;104;BERNARDO MAURIZIO21324531845318CONGEDO
KEBBEHPBARTE EMANUEL;2482;27/01/2024;27/01/2024;FERIE;1;;KEBBEHPBARTE EMANUEL24824531845318FERIE
IAVECCO FIORENZO;1623;27/01/2024;27/01/2024;FERIE;1;;IAVECCO FIORENZO16234531845318FERIE
SCHIAVON MIRCO;1274;27/01/2024;27/01/2024;MALATTIA;1;;SCHIAVON MIRCO12744531845318MALATTIA
RUSSO VITTORIO;2828;27/01/2024;27/01/2024;FERIE;1;ASSENZA INGIUSTIFICATA, MALATTIA DELLA MOGLIE;RUSSO VITTORIO28284531845318FERIE
SCHIAVON MIRCO;1274;29/01/2024;03/02/2024;MALATTIA;6;;SCHIAVON MIRCO12744532045325MALATTIA
CEBOLI ANDREA;1353;29/01/2024;29/01/2024;MALATTIA;1;;CEBOLI ANDREA13534532045320MALATTIA
CECCHETTI SAMUELE;1529;29/01/2024;02/02/2024;MALATTIA;5;;CECCHETTI SAMUELE15294532045324MALATTIA
PRESSA MARCO;1313;29/01/2024;29/01/2024;ASSENZA INGIUSTIFICATA;1;;PRESSA MARCO13134532045320ASSENZA INGIUSTIFICATA
RUSSO VITTORIO;2828;29/01/2024;29/01/2024;MALATTIA;1;;RUSSO VITTORIO28284532045320MALATTIA
BISCEGLIE PAOLO;2141;29/01/2024;29/01/2024;FERIE;1;;BISCEGLIE PAOLO21414532045320FERIE
TAEJIQI NENAD;2431;29/01/2024;29/01/2024;FERIE;1;;TAEJIQI NENAD24314532045320FERIE
HUQIJ GIORDIVAN;1718;29/01/2024;30/01/2024;FERIE;2;;HUQIJ GIORDIVAN17184532045321FERIE
FERRERO RICCARDO;1173;30/01/2024;03/02/2024;FERIE;5;;FERRERO RICCARDO11734532145325FERIE
MAXIMUS FLORENS;2867;30/01/2024;31/01/2024;FERIE;2;RICHIESTE DA CSQ;MAXIMUS FLORENS28674532145322FERIE
OKOI OBEHI;3068;30/01/2024;31/01/2024;FERIE;2;RICHIESTE DA CSQ;OKOI OBEHI30684532145322FERIE
EMITOR JOHN;3009;30/01/2024;31/01/2024;FERIE;2;RICHIESTE DA CSQ;EMITOR JOHN30094532145322FERIE
BELMOR AHMED;1406;30/01/2024;31/01/2024;FERIE;2;RICHIESTE DA CSQ;BELMOR AHMED14064532145322FERIE
LEJAK ANKEL;2139;30/01/2024;01/02/2024;FERIE;3;RICHIESTE DA CSQ;LEJAK ANKEL21394532145323FERIE
CEBOLI ANDREA;1353;30/01/2024;05/02/2024;MALATTIA;6;;CEBOLI ANDREA13534532145327MALATTIA
GUARDO ARIEL;2967;31/01/2024;31/01/2024;FERIE;1;;GUARDO ARIEL29674532245322FERIE
DIMAS KHADIMIR;2836;31/01/2024;31/01/2024;CONGEDO;1;PATERNITA' OBBLIGATORIA;DIMAS KHADIMIR28364532245322CONGEDO
SOLMINI ESTEO;1996;31/01/2024;31/01/2024;FERIE;1;RICHIESTE DA CSQ;SOLMINI ESTEO19964532245322FERIE
CANNETO MARCO;2144;31/01/2024;31/01/2024;CONGEDO;1;SINDACALE;CANNETO MARCO21444532245322CONGEDO
CARDON ALESSIO;2721;31/01/2024;31/01/2024;FERIE;1;;CARDON ALESSIO27214532245322FERIE
LAMA IVANO;2811;01/02/2024;01/02/2024;CONGEDO;1;PATERNITA' OBBLIGATORIA;LAMA IVANO28114532345323CONGEDO
CASSANDRA MICHELE;2830;02/02/2024;02/02/2024;FERIE;1;;CASSANDRA MICHELE28304532445324FERIE
CARDON ALESSIO;2721;02/02/2024;02/02/2024;FERIE;1;;CARDON ALESSIO27214532445324FERIE
MARTINO ELISABETTA;3222;03/02/2024;03/02/2024;FERIE;1;;MARTINO ELISABETTA32224532545325FERIE
CECCHETTI SAMUELE;1529;03/02/2024;03/02/2024;FERIE;1;;CECCHETTI SAMUELE15294532545325FERIE
PRESSA MARCO;1313;03/02/2024;03/02/2024;MALATTIA;1;;PRESSA MARCO13134532545325MALATTIA
GORGHI ENEA;2133;03/02/2024;05/02/2024;FERIE;2;;GORGHI ENEA21334532545327FERIE
LACRIMA RENATO;3214;03/02/2024;05/02/2024;ASSENZA INGIUSTIFICATA;2;;LACRIMA RENATO32144532545327ASSENZA INGIUSTIFICATA
KEBBEHPBARTE EMANUEL;2482;03/02/2024;03/02/2024;FERIE;1;;KEBBEHPBARTE EMANUEL24824532545325FERIE
NDIAYEMINTU MORGAN;2652;05/02/2024;08/02/2024;FERIE;4;;NDIAYEMINTU MORGAN26524532745330FERIE
KEBBEHPBARTE EMANUEL;2482;05/02/2024;10/02/2024;FERIE;6;;KEBBEHPBARTE EMANUEL24824532745332FERIE
BERNARDO MAURIZIO;2132;05/02/2024;05/02/2024;FERIE;1;RITARDO, FERIE CONCESSE POST DA CSQ;BERNARDO MAURIZIO21324532745327FERIE
TRAMA NICOLA;897;06/02/2024;20/02/2024;MALATTIA;13;;TRAMA NICOLA8974532845342MALATTIA
FERRERO RICCARDO;1173;06/02/2024;10/02/2024;FERIE;5;;FERRERO RICCARDO11734532845332FERIE
SUL FORTIS;2813;06/02/2024;06/02/2024;FERIE;1;;SUL FORTIS28134532845328FERIE
PRESSA MARCO;1313;07/02/2024;07/02/2024;ASSENZA INGIUSTIFICATA;1;;PRESSA MARCO13134532945329ASSENZA INGIUSTIFICATA
REL HAJ HASSANE;2142;07/02/2024;07/02/2024;FERIE;1;RICHIESTE DA CSQ;REL HAJ HASSANE21424532945329FERIE
BENAYA HARAT;2137;07/02/2024;07/02/2024;FERIE;1;RICHIESTE DA CSQ;BENAYA HARAT21374532945329FERIE
NADMI YOUF ABDELAZIZ;2134;07/02/2024;07/02/2024;FERIE;1;RICHIESTE DA CSQ;NADMI YOUF ABDELAZIZ21344532945329FERIE
GUARDO ARIEL;2967;07/02/2024;07/02/2024;FERIE;1;RICHIESTE DA CSQ;GUARDO ARIEL29674532945329FERIE
SANCHEZ FIGARO LUCAS;2143;07/02/2024;07/02/2024;FERIE;1;RICHIESTE DA CSQ;SANCHEZ FIGARO LUCAS21434532945329FERIE
GAVAN OVIDIU ION;3164;08/02/2024;08/02/2024;FERIE;1;ASSENZA INGIUSTIFICATA, MALATTIA NO N. PROTOCOLLO;GAVAN OVIDIU ION31644533045330FERIE
VECCHIO ROBERTO;2802;08/02/2024;10/02/2024;FERIE;3;;VECCHIO ROBERTO28024533045332FERIE
SCHIAVON MIRCO;1274;08/02/2024;09/02/2024;FERIE;2;;SCHIAVON MIRCO12744533045331FERIE
GRAZIA DAMIANO;3186;09/02/2024;10/02/2024;FERIE;2;;GRAZIA DAMIANO31864533145332FERIE
SGARRO MAURO;2523;09/02/2024;10/02/2024;FERIE;2;;SGARRO MAURO25234533145332FERIE
GUARDO ARIEL;2967;09/02/2024;09/02/2024;FERIE;1;RICHIESTE DA CSQ;GUARDO ARIEL29674533145331FERIE
SANCHEZ FIGARO LUCAS;2143;09/02/2024;12/02/2024;MALATTIA;3;;SANCHEZ FIGARO LUCAS21434533145334MALATTIA
PINNA LUCA;3209;10/02/2024;10/02/2024;FERIE;1;;PINNA LUCA32094533245332FERIE
BERNARDO MAURIZIO;2132;10/02/2024;10/02/2024;CONGEDO;1;104;BERNARDO MAURIZIO21324533245332CONGEDO
MARKOVIC DAN;3064;10/02/2024;10/02/2024;FERIE;1;;MARKOVIC DAN30644533245332FERIE
RUSU ABHRAM;1848;12/02/2024;12/02/2024;FERIE;1;;RUSU ABHRAM18484533445334FERIE
EL BADEO ABDERHIM;1407;12/02/2024;12/02/2024;FERIE;1;;EL BADEO ABDERHIM14074533445334FERIE
BACIU VALENTIN;2;13/02/2024;14/02/2024;FERIE;2;RICHIESTE DA CSQ;BACIU VALENTIN24533545336FERIE
KEBBEHPBARTE EMANUEL;2482;13/02/2024;14/02/2024;FERIE;2;RICHIESTE DA CSQ;KEBBEHPBARTE EMANUEL24824533545336FERIE
GORGHI ENEA;2133;13/02/2024;13/02/2024;FERIE;1;ASSENZA INGIUSTIFICATA, PROBLEMI ALLA MACCHINA;GORGHI ENEA21334533545335FERIE
SANCHEZ FIGARO LUCAS;2143;13/02/2024;16/02/2024;MALATTIA;4;;SANCHEZ FIGARO LUCAS21434533545338MALATTIA
FERRERO RICCARDO;1173;13/02/2024;17/02/2024;FERIE;5;;FERRERO RICCARDO11734533545339FERIE
EL BADEO ABDERHIM;1407;14/02/2024;14/02/2024;FERIE;1;RICHIESTE DA CSQ;EL BADEO ABDERHIM14074533645336FERIE
TAEJIQI NENAD;2431;14/02/2024;14/02/2024;FERIE;1;RICHIESTE DA CSQ;TAEJIQI NENAD24314533645336FERIE
GUARDO ARIEL;2967;14/02/2024;14/02/2024;FERIE;1;RICHIESTE DA CSQ;GUARDO ARIEL29674533645336FERIE
NADMI YOUF ABDELAZIZ;2134;14/02/2024;14/02/2024;FERIE;1;RICHIESTE DA CSQ;NADMI YOUF ABDELAZIZ21344533645336FERIE
RUSU ABHRAM;1848;14/02/2024;14/02/2024;FERIE;1;RICHIESTE DA CSQ;RUSU ABHRAM18484533645336FERIE
REL HAJ HASSANE;2142;14/02/2024;14/02/2024;FERIE;1;RICHIESTE DA CSQ;REL HAJ HASSANE21424533645336FERIE
BENAYA HARAT;2137;14/02/2024;14/02/2024;FERIE;1;RICHIESTE DA CSQ;BENAYA HARAT21374533645336FERIE
CEBOLI ANDREA;1353;14/02/2024;14/02/2024;FERIE;1;RICHIESTE DA CSQ;CEBOLI ANDREA13534533645336FERIE
SCHIAVON ALVISE;2306;14/02/2024;14/02/2024;FERIE;1;RICHIESTE DA CSQ;SCHIAVON ALVISE23064533645336FERIE
LAMA IVANO;2811;14/02/2024;15/02/2024;FERIE;2;RICHIESTE DA CSQ;LAMA IVANO28114533645337FERIE
MAGGIO CECILIA;3236;14/02/2024;14/02/2024;MALATTIA;1;;MAGGIO CECILIA32364533645336MALATTIA
VECCHIO ROBERTO;2802;15/02/2024;15/02/2024;FERIE;1;;VECCHIO ROBERTO28024533745337FERIE
IAVECCO FIORENZO;1623;16/02/2024;17/02/2024;FERIE;2;;IAVECCO FIORENZO16234533845339FERIE
CASSANDRA MICHELE;2830;16/02/2024;16/02/2024;FERIE;1;;CASSANDRA MICHELE28304533845338FERIE
BERNARDO MAURIZIO;2132;17/02/2024;17/02/2024;CONGEDO;1;104;BERNARDO MAURIZIO21324533945339CONGEDO
VECCHIO ROBERTO;2802;17/02/2024;17/02/2024;FERIE;1;;VECCHIO ROBERTO28024533945339FERIE
SANCHEZ FIGARO LUCAS;2143;17/02/2024;19/02/2024;MALATTIA;2;;SANCHEZ FIGARO LUCAS21434533945341MALATTIA
PINNA LUCA;3209;17/02/2024;21/02/2024;MALATTIA;4;;PINNA LUCA32094533945343MALATTIA
MARKOVIC DAN;3064;19/02/2024;19/02/2024;FERIE;1;;MARKOVIC DAN30644534145341FERIE
GORGHI ENEA;2133;19/02/2024;22/02/2024;MALATTIA;4;;GORGHI ENEA21334534145344MALATTIA
REL HAJ HASSANE;2142;19/02/2024;21/02/2024;MALATTIA;3;;REL HAJ HASSANE21424534145343MALATTIA
KEBBEHPBARTE EMANUEL;2482;19/02/2024;21/02/2024;FERIE;3;;KEBBEHPBARTE EMANUEL24824534145343FERIE
PACCALTO TITO;3155;20/02/2024;20/02/2024;FERIE;1;;PACCALTO TITO31554534245342FERIE
SCHIAVON MIRCO;1274;20/02/2024;20/02/2024;FERIE;1;;SCHIAVON MIRCO12744534245342FERIE
BELMOR AHMED;1406;20/02/2024;21/02/2024;FERIE;2;;BELMOR AHMED14064534245343FERIE
FERRERO RICCARDO;1173;20/02/2024;24/02/2024;FERIE;5;;FERRERO RICCARDO11734534245346FERIE
CANNETO MARCO;2144;20/02/2024;20/02/2024;CONGEDO;1;;CANNETO MARCO21444534245342CONGEDO
SCHIAVON MIRCO;1274;21/02/2024;22/02/2024;MALATTIA;2;;SCHIAVON MIRCO12744534345344MALATTIA
TRAMA NICOLA;897;22/02/2024;24/02/2024;FERIE;3;;TRAMA NICOLA8974534445346FERIE
JOOFENTU OUSAIN;2800;23/02/2024;23/02/2024;FERIE;1;;JOOFENTU OUSAIN28004534545345FERIE
RUSU ABHRAM;1848;23/02/2024;24/02/2024;FERIE;2;;RUSU ABHRAM18484534545346FERIE
SCHIAVON MIRCO;1274;23/02/2024;26/02/2024;MALATTIA;3;;SCHIAVON MIRCO12744534545348MALATTIA
GUARDO ARIEL;2967;23/02/2024;27/02/2024;CONGEDO;4;PARENTALE FACOLTATIVO;GUARDO ARIEL29674534545349CONGEDO
BERNARDO MAURIZIO;2132;24/02/2024;24/02/2024;CONGEDO;1;104;BERNARDO MAURIZIO21324534645346CONGEDO
SANCHEZ FIGARO LUCAS;2143;24/02/2024;24/02/2024;FERIE;1;;SANCHEZ FIGARO LUCAS21434534645346FERIE
KEBBEHPBARTE EMANUEL;2482;24/02/2024;24/02/2024;FERIE;1;;KEBBEHPBARTE EMANUEL24824534645346FERIE
CANNETO MARCO;2144;26/02/2024;26/02/2024;CONGEDO;1;SINDACALE;CANNETO MARCO21444534845348CONGEDO
SCHIAVON MIRCO;1274;26/02/2024;02/03/2024;MALATTIA;6;;SCHIAVON MIRCO12744534845353MALATTIA
NADMI YOUF ABDELAZIZ;2134;27/02/2024;27/02/2024;FERIE;1;VACCINO;NADMI YOUF ABDELAZIZ21344534945349FERIE
SANCHEZ FIGARO LUCAS;2143;27/02/2024;27/02/2024;FERIE;1;;SANCHEZ FIGARO LUCAS21434534945349FERIE
MOSTO CLAUDIO;2280;27/02/2024;27/02/2024;FERIE;1;;MOSTO CLAUDIO22804534945349FERIE
FERRERO RICCARDO;1173;27/02/2024;02/03/2024;FERIE;5;;FERRERO RICCARDO11734534945353FERIE
CANNETO MARCO;2144;28/02/2024;28/02/2024;CONGEDO;1;STUDIO;CANNETO MARCO21444535045350CONGEDO
SGARRO MAURO;2523;28/02/2024;02/03/2024;MALATTIA;4;;SGARRO MAURO25234535045353MALATTIA
KEBBEHPBARTE EMANUEL;2482;28/02/2024;28/02/2024;FERIE;1;;KEBBEHPBARTE EMANUEL24824535045350FERIE
BENAYA HARAT;2137;29/02/2024;10/03/2024;FERIE;9;;BENAYA HARAT21374535145361FERIE
MARKOVIC DAN;3064;29/02/2024;29/02/2024;FERIE;1;FIGLIO IN OSPEDALE;MARKOVIC DAN30644535145351FERIE
FATAN HMIDA;2754;29/02/2024;05/03/2024;MALATTIA;5;;FATAN HMIDA27544535145356MALATTIA
CAMARA ALEX;2866;29/02/2024;29/02/2024;FERIE;1;ASSENZA INGIUSTIFICATA, MORTE DELLA MADRE;CAMARA ALEX28664535145351FERIE
BACIU VALENTIN;2;29/02/2024;29/02/2024;FERIE;1;ACCORDO CSQ, MALATTIA NO N. PROTOCOLLO;BACIU VALENTIN24535145351FERIE
LANDONI ENRICO;1657;29/02/2024;02/03/2024;FERIE;3;MOTIVI DI LUTTO FAMILIARE (PARENTI NON DIRETTI);LANDONI ENRICO16574535145353FERIE
EL KASTANJI ABDELALI;3246;01/03/2024;08/06/2024;CONGEDO;83;CONGEDO PARENTALE FACOLTATIVO;EL KASTANJI ABDELALI32464535245451CONGEDO
PANTER ROMAN;1858;01/03/2024;01/03/2024;FERIE;1;VACCINO;PANTER ROMAN18584535245352FERIE
VECCHIO ROBERTO;2802;01/03/2024;02/03/2024;FERIE;2;;VECCHIO ROBERTO28024535245353FERIE
BOULYAF MOHAMED;2941;01/03/2024;04/03/2024;MALATTIA;3;;BOULYAF MOHAMED29414535245355MALATTIA
BERNARDO MAURIZIO;2132;01/03/2024;01/03/2024;CONGEDO;1;104;BERNARDO MAURIZIO21324535245352CONGEDO
KEBBEHPBARTE EMANUEL;2482;02/03/2024;02/03/2024;ASSENZA INGIUSTIFICATA;1;CONTESTAZIONE DISCIPLINARE;KEBBEHPBARTE EMANUEL24824535345353ASSENZA INGIUSTIFICATA
NDIAYEMINTU MORGAN;2652;02/03/2024;02/03/2024;FERIE;1;ASSENZA INGIUSTIFICATA, PROBLEMI ALLA MACCHINA;NDIAYEMINTU MORGAN26524535345353FERIE
CEBOLI ANDREA;1353;02/03/2024;02/03/2024;FERIE;1;;CEBOLI ANDREA13534535345353FERIE
SCHIAVON MIRCO;1274;04/03/2024;09/03/2024;MALATTIA;6;;SCHIAVON MIRCO12744535545360MALATTIA
PINNA LUCA;3209;04/03/2024;04/03/2024;FERIE;1;;PINNA LUCA32094535545355FERIE
KEBBEHPBARTE EMANUEL;2482;05/03/2024;08/03/2024;FERIE;4;;KEBBEHPBARTE EMANUEL24824535645359FERIE
LANDONI ENRICO;1657;06/03/2024;06/03/2024;FERIE;1;FUNERALE;LANDONI ENRICO16574535745357FERIE
REL HAJ HASSANE;2142;06/03/2024;06/03/2024;FERIE;1;RICHIESTE DA CSQ;REL HAJ HASSANE21424535745357FERIE
NADMI YOUF ABDELAZIZ;2134;06/03/2024;06/03/2024;FERIE;1;RICHIESTE DA CSQ;NADMI YOUF ABDELAZIZ21344535745357FERIE
BELMOR AHMED;1406;06/03/2024;07/03/2024;FERIE;2;RICHIESTE DA CSQ;BELMOR AHMED14064535745358FERIE
GORGHI ENEA;2133;06/03/2024;06/03/2024;FERIE;1;ASSENZA INGIUSTIFICATA, PROBLEMI ALLA MACCHINA, RICHIAMO VERBALE;GORGHI ENEA21334535745357FERIE
RUSSO VITTORIO;2828;06/03/2024;07/03/2024;MALATTIA;2;;RUSSO VITTORIO28284535745358MALATTIA
ZOMPELLATO FRANCESCO;3229;07/03/2024;07/03/2024;FERIE;1;;ZOMPELLATO FRANCESCO32294535845358FERIE
CEBOLI ANDREA;1353;07/03/2024;07/03/2024;FERIE;1;;CEBOLI ANDREA13534535845358FERIE
RUSU ABHRAM;1848;07/03/2024;08/03/2024;FERIE;2;;RUSU ABHRAM18484535845359FERIE
SEYDINI EL HAJ;2722;07/03/2024;09/03/2024;MALATTIA;3;;SEYDINI EL HAJ27224535845360MALATTIA
CAMARA ALEX;2866;07/03/2024;07/03/2024;FERIE;1;COMUNICA LA MORTE DELLA MADRE;CAMARA ALEX28664535845358FERIE
ARITON STEFAN;3141;08/03/2024;09/03/2024;FERIE;2;;ARITON STEFAN31414535945360FERIE
PINNA LUCA;3209;08/03/2024;08/03/2024;FERIE;1;ASSENZA INGIUSTIFICATA, MALATTIA NO N. PROTOCOLLO;PINNA LUCA32094535945359FERIE
RUSSO VITTORIO;2828;08/03/2024;09/03/2024;MALATTIA;2;;RUSSO VITTORIO28284535945360MALATTIA
SANCHEZ FIGARO LUCAS;2143;08/03/2024;09/03/2024;MALATTIA;2;;SANCHEZ FIGARO LUCAS21434535945360MALATTIA
RUSU ABHRAM;1848;08/03/2024;09/03/2024;FERIE;2;;RUSU ABHRAM18484535945360FERIE
VILLAS GAGA FERNANDO ALEJANDRO ROBERTO;3091;09/03/2024;09/03/2024;FERIE;1;;VILLAS GAGA FERNANDO ALEJANDRO ROBERTO30914536045360FERIE
TRAMA NICOLA;897;09/03/2024;09/03/2024;FERIE;1;RICHIESTE DA CSQ;TRAMA NICOLA8974536045360FERIE
BERNARDO MAURIZIO;2132;09/03/2024;09/03/2024;CONGEDO;1;104;BERNARDO MAURIZIO21324536045360CONGEDO
SANCHEZ FIGARO LUCAS;2143;11/03/2024;11/03/2024;FERIE;1;;SANCHEZ FIGARO LUCAS21434536245362FERIE
RUSU ABHRAM;1848;12/03/2024;13/03/2024;FERIE;2;ACCORDO CSQ, MALATTIA NO N. PROTOCOLLO;RUSU ABHRAM18484536345364FERIE
OKUNTO COLLINS MOR;3142;12/03/2024;12/03/2024;FERIE;1;;OKUNTO COLLINS MOR31424536345363FERIE
SCHIAVON LUCA;1897;13/03/2024;13/03/2024;FERIE;1;ACCOMPAGNA LA MADRE IN OSPEDALE, ACCORDATE FERIE;SCHIAVON LUCA18974536445364FERIE
BACIU VALENTIN;2;13/03/2024;13/03/2024;FERIE;1;VACCINO;BACIU VALENTIN24536445364FERIE
BERNARDO MAURIZIO;2132;14/03/2024;14/03/2024;FERIE;1;;BERNARDO MAURIZIO21324536545365FERIE
SULAJDINI RADU;978;14/03/2024;17/03/2024;MALATTIA;3;;SULAJDINI RADU9784536545368MALATTIA
PRESSA MARCO;1313;14/03/2024;16/03/2024;MALATTIA;3;;PRESSA MARCO13134536545367MALATTIA
SANCHEZ FIGARO LUCAS;2143;14/03/2024;17/03/2024;MALATTIA;3;;SANCHEZ FIGARO LUCAS21434536545368MALATTIA
GRAZIA DAMIANO;3186;14/03/2024;16/03/2024;MALATTIA;3;;GRAZIA DAMIANO31864536545367MALATTIA
BOULYAF MOHAMED;2941;14/03/2024;12/04/2024;INFORTUNIO;25;"INFORTUNIO DEL 13/03/2024, COMUNICATO IN DATA 14/03/2024; 30 GG DI PROGNOSI";BOULYAF MOHAMED29414536545394INFORTUNIO
CANNETO MARCO;2144;14/03/2024;14/03/2024;CONGEDO;1;STUDIO;CANNETO MARCO21444536545365CONGEDO
VECCHIO ROBERTO;2802;15/03/2024;15/03/2024;FERIE;1;;VECCHIO ROBERTO28024536645366FERIE
BOVI GIANMARIA;2017;15/03/2024;16/03/2024;FERIE;2;RICHIESTE DA CSQ;BOVI GIANMARIA20174536645367FERIE
LEJAK ANKEL;2139;15/03/2024;16/03/2024;FERIE;2;RICHIESTE DA CSQ;LEJAK ANKEL21394536645367FERIE
SCHIAVON MIRCO;1274;15/03/2024;15/03/2024;FERIE;1;;SCHIAVON MIRCO12744536645366FERIE
AZIMAR GABRIEL KWAKUNGE;2449;15/03/2024;16/03/2024;FERIE;2;;AZIMAR GABRIEL KWAKUNGE24494536645367FERIE
IAVECCO FIORENZO;1623;16/03/2024;18/03/2024;FERIE;2;;IAVECCO FIORENZO16234536745369FERIE
LAMA IVANO;2811;16/03/2024;16/03/2024;FERIE;1;MALATTIA NO N. PROTOCOLLO, CONCORDATE FERIE;LAMA IVANO28114536745367FERIE
ZATTERA ASIA;2284;16/03/2024;16/03/2024;FERIE;1;;ZATTERA ASIA22844536745367FERIE
DIMAS KHADIMIR;2836;17/03/2024;24/03/2024;FERIE;6;;DIMAS KHADIMIR28364536845375FERIE
BACIU VALENTIN;2;18/03/2024;20/03/2024;FERIE;3;RICHIESTE DA CSQ;BACIU VALENTIN24536945371FERIE
NADMI YOUF ABDELAZIZ;2134;18/03/2024;20/03/2024;FERIE;3;RICHIESTE DA CSQ;NADMI YOUF ABDELAZIZ21344536945371FERIE
REL HAJ HASSANE;2142;18/03/2024;20/03/2024;FERIE;3;RICHIESTE DA CSQ;REL HAJ HASSANE21424536945371FERIE
SCHIAVON ALVISE;2306;18/03/2024;20/03/2024;FERIE;3;RICHIESTE DA CSQ;SCHIAVON ALVISE23064536945371FERIE
ZOMPELLATO FRANCESCO;3229;18/03/2024;20/03/2024;MALATTIA;3;;ZOMPELLATO FRANCESCO32294536945371MALATTIA
SANCHEZ FIGARO LUCAS;2143;18/03/2024;21/03/2024;MALATTIA;4;;SANCHEZ FIGARO LUCAS21434536945372MALATTIA
SETA MANUELE;2524;18/03/2024;21/03/2024;MALATTIA;4;;SETA MANUELE25244536945372MALATTIA
CANNETO MARCO;2144;19/03/2024;20/03/2024;CONGEDO;2;SINDACALE;CANNETO MARCO21444537045371CONGEDO
SCHIAVON LUCA;1897;20/03/2024;23/03/2024;FERIE;4;ACCOMPAGNA LA MADRE IN OSPEDALE, ACCORDATE FERIE, INVIA CERTIFICATO DI RICOVERO;SCHIAVON LUCA18974537145374FERIE
TAEJIQI NENAD;2431;20/03/2024;23/03/2024;MALATTIA;4;;TAEJIQI NENAD24314537145374MALATTIA
MAGGIO CECILIA;3236;22/03/2024;22/03/2024;FERIE;1;;MAGGIO CECILIA32364537345373FERIE
SANCHEZ FIGARO LUCAS;2143;22/03/2024;26/03/2024;MALATTIA;4;;SANCHEZ FIGARO LUCAS21434537345377MALATTIA
IAVECCO FIORENZO;1623;22/03/2024;22/03/2024;MALATTIA;1;RICOVERO IN OSPEDALE;IAVECCO FIORENZO16234537345373MALATTIA
BOVI GIANMARIA;2017;23/03/2024;23/03/2024;FERIE;1;;BOVI GIANMARIA20174537445374FERIE
IAVECCO FIORENZO;1623;23/03/2024;23/03/2024;MALATTIA;1;;IAVECCO FIORENZO16234537445374MALATTIA
LEJAK ANKEL;2139;23/03/2024;23/03/2024;FERIE;1;;LEJAK ANKEL21394537445374FERIE
LAMA IVANO;2811;23/03/2024;23/03/2024;FERIE;1;;LAMA IVANO28114537445374FERIE
BOUNAHROUF HASSAN;3276;23/03/2024;31/03/2024;PERMESSO NON RETRIBUITO;7;CONCORDATO PER REINTEGRO;BOUNAHROUF HASSAN32764537445382PERMESSO NON RETRIBUITO
ZATTERA ASIA;2284;23/03/2024;23/03/2024;FERIE;1;;ZATTERA ASIA22844537445374FERIE
LUTANURI ANDREI;3216;25/03/2024;25/03/2024;FERIE;1;;LUTANURI ANDREI32164537645376FERIE
BELMOR AHMED;1406;25/03/2024;27/03/2024;MALATTIA;3;;BELMOR AHMED14064537645378MALATTIA
PINNA LUCA;3209;25/03/2024;30/03/2024;MALATTIA;6;;PINNA LUCA32094537645381MALATTIA
GORGHI ENEA;2133;25/03/2024;30/03/2024;MALATTIA;6;;GORGHI ENEA21334537645381MALATTIA
CANNETO MARCO;2144;25/03/2024;25/03/2024;CONGEDO;1;SINDACALE;CANNETO MARCO21444537645376CONGEDO
BOVI GIANMARIA;2017;26/03/2024;26/03/2024;FERIE;1;;BOVI GIANMARIA20174537745377FERIE
EMEKHOR ISO OMONGIATE;3065;26/03/2024;26/03/2024;FERIE;1;RINNOVO PASSAPORTO;EMEKHOR ISO OMONGIATE30654537745377FERIE
EL BADEO ABDERHIM;1407;26/03/2024;30/03/2024;MALATTIA;5;;EL BADEO ABDERHIM14074537745381MALATTIA
SCHIAVON ALVISE;2306;27/03/2024;27/03/2024;FERIE;1;;SCHIAVON ALVISE23064537845378FERIE
IAVECCO FIORENZO;1623;27/03/2024;02/04/2024;MALATTIA;5;;IAVECCO FIORENZO16234537845384MALATTIA
SANCHEZ FIGARO LUCAS;2143;27/03/2024;05/04/2024;MALATTIA;8;;SANCHEZ FIGARO LUCAS21434537845387MALATTIA
HUQIJ GIORDIVAN;1718;28/03/2024;28/03/2024;CONGEDO;1;SINDACALE;HUQIJ GIORDIVAN17184537945379CONGEDO
CANNETO MARCO;2144;28/03/2024;28/03/2024;CONGEDO;1;SINDACALE;CANNETO MARCO21444537945379CONGEDO
CEBOLI ANDREA;1353;28/03/2024;30/03/2024;MALATTIA;3;;CEBOLI ANDREA13534537945381MALATTIA
TAEJIQI NENAD;2431;28/03/2024;30/03/2024;INFORTUNIO;3;CONTESTAZIONE DISCIPLINARE;TAEJIQI NENAD24314537945381INFORTUNIO
BELMOR AHMED;1406;28/03/2024;30/03/2024;MALATTIA;3;;BELMOR AHMED14064537945381MALATTIA
SCHIAVON MIRCO;1274;29/03/2024;29/03/2024;FERIE;1;;SCHIAVON MIRCO12744538045380FERIE
VECCHIO ROBERTO;2802;29/03/2024;29/03/2024;FERIE;1;;VECCHIO ROBERTO28024538045380FERIE
FATAN HMIDA;2754;29/03/2024;29/03/2024;MALATTIA;1;;FATAN HMIDA27544538045380MALATTIA
PACCALTO TITO;3155;29/03/2024;02/04/2024;CONGEDO;3;LUTTO;PACCALTO TITO31554538045384CONGEDO
BERNARDO MAURIZIO;2132;30/03/2024;30/03/2024;CONGEDO;1;104;BERNARDO MAURIZIO21324538145381CONGEDO
SEYDINI EL HAJ;2722;01/04/2024;01/04/2024;FESTIVO;0;RITARDO, CONCORDATO GIORNO A CASA CON CSQ;SEYDINI EL HAJ27224538345383FESTIVO
SGARRO MAURO;2523;01/04/2024;01/04/2024;FESTIVO;0;;SGARRO MAURO25234538345383FESTIVO
MAGGIO CECILIA;3236;01/04/2024;01/04/2024;FESTIVO;0;;MAGGIO CECILIA32364538345383FESTIVO
BACIU VALENTIN;2;01/04/2024;01/04/2024;FESTIVO;0;;BACIU VALENTIN24538345383FESTIVO
MARCHE BIANCA;3129;01/04/2024;01/04/2024;FESTIVO;0;;MARCHE BIANCA31294538345383FESTIVO
MOSTO CLAUDIO;2280;01/04/2024;01/04/2024;FESTIVO;0;;MOSTO CLAUDIO22804538345383FESTIVO
PRESSA MARCO;1313;02/04/2024;02/04/2024;FERIE;1;FOGLIO DI RICHIESTA A POSTERIORI, ACCORDATO CON CSQ;PRESSA MARCO13134538445384FERIE
BOUNAHROUF HASSAN;3276;02/04/2024;12/04/2024;MALATTIA;10;CONTESTAZIONE DISCIPLINARE, NON AVVERTE DELLA SUA ASSENZA;BOUNAHROUF HASSAN32764538445394MALATTIA
SCHIAVON LUCA;1897;02/04/2024;02/04/2024;FERIE;1;ASSENZA INGIUSTIFICATA, MALATTIA NO N. PROTOCOLLO, CONCORDATE FERIE;SCHIAVON LUCA18974538445384FERIE
BACIU VALENTIN;2;02/04/2024;03/04/2024;FERIE;2;;BACIU VALENTIN24538445385FERIE
GNOCCHI BARTOLOMEO;1117;03/04/2024;06/04/2024;MALATTIA;4;;GNOCCHI BARTOLOMEO11174538545388MALATTIA
PACCALTO TITO;3155;03/04/2024;04/04/2024;FERIE;2;;PACCALTO TITO31554538545386FERIE
IAVECCO FIORENZO;1623;03/04/2024;10/04/2024;MALATTIA;7;;IAVECCO FIORENZO16234538545392MALATTIA
NADMI YOUF ABDELAZIZ;2134;03/04/2024;03/04/2024;FERIE;1;RICHIESTE DA CSQ;NADMI YOUF ABDELAZIZ21344538545385FERIE
REL HAJ HASSANE;2142;03/04/2024;03/04/2024;FERIE;1;;REL HAJ HASSANE21424538545385FERIE
SOLMINI ESTEO;1996;04/04/2024;06/04/2024;FERIE;3;;SOLMINI ESTEO19964538645388FERIE
BISCEGLIE PAOLO;2141;04/04/2024;10/04/2024;MALATTIA;6;;BISCEGLIE PAOLO21414538645392MALATTIA
HUQIJ GIORDIVAN;1718;04/04/2024;05/04/2024;FERIE;2;;HUQIJ GIORDIVAN17184538645387FERIE
DIMAS KHADIMIR;2836;05/04/2024;05/04/2024;FERIE;1;;DIMAS KHADIMIR28364538745387FERIE
SCHIAVON LUCA;1897;05/04/2024;06/04/2024;FERIE;2;;SCHIAVON LUCA18974538745388FERIE
SCHIAVON MIRCO;1274;06/04/2024;06/04/2024;FERIE;1;RICHIESTE DA CSQ;SCHIAVON MIRCO12744538845388FERIE
TRAMA NICOLA;897;06/04/2024;14/04/2024;INFORTUNIO;7;;TRAMA NICOLA8974538845396INFORTUNIO
DIMAS KHADIMIR;2836;06/04/2024;06/04/2024;FERIE;1;ASSENZA INGIUSTIFICATA, MALATTIA NO N. PROTOCOLLO, CONCORDATE FERIE;DIMAS KHADIMIR28364538845388FERIE
SANCHEZ FIGARO LUCAS;2143;06/04/2024;09/04/2024;MALATTIA;3;;SANCHEZ FIGARO LUCAS21434538845391MALATTIA
MARKOVIC DAN;3064;06/04/2024;06/04/2024;FERIE;1;ASSENZA INGIUSTIFICATA, MALATTIA NO N. PROTOCOLLO, CONCORDATE FERIE;MARKOVIC DAN30644538845388FERIE
REL HAJ HASSANE;2142;06/04/2024;28/04/2024;FERIE;18;;REL HAJ HASSANE21424538845410FERIE
BENAYA HARAT;2137;06/04/2024;06/04/2024;FERIE;1;;BENAYA HARAT21374538845388FERIE
DUMEATUR DANIEL;2865;08/04/2024;20/04/2024;FERIE;12;;DUMEATUR DANIEL28654539045402FERIE
BELMOR AHMED;1406;08/04/2024;10/04/2024;FERIE;3;;BELMOR AHMED14064539045392FERIE
BERNARDO MAURIZIO;2132;09/04/2024;09/04/2024;CONGEDO;1;104;BERNARDO MAURIZIO21324539145391CONGEDO
SCHIAVON LUCA;1897;09/04/2024;09/04/2024;FERIE;1;MADRE IN OSPEDALE, ACCORDATE FERIE;SCHIAVON LUCA18974539145391FERIE
LAHMAMIANI AHMED;1905;09/04/2024;10/04/2024;FERIE;2;;LAHMAMIANI AHMED19054539145392FERIE
SANCHEZ FIGARO LUCAS;2143;10/04/2024;18/04/2024;MALATTIA;8;;SANCHEZ FIGARO LUCAS21434539245400MALATTIA
FORNARI VALERIO;3245;11/04/2024;11/04/2024;FERIE;1;;FORNARI VALERIO32454539345393FERIE
SEYDINI EL HAJ;2722;11/04/2024;13/04/2024;MALATTIA;3;;SEYDINI EL HAJ27224539345395MALATTIA
IAVECCO FIORENZO;1623;11/04/2024;11/04/2024;ASSENZA INGIUSTIFICATA;1;ASSENZA INGIUSTIFICATA, MALATTIA NO N. PROTOCOLLO, CONTESTAZIONE DISCIPLINARE;IAVECCO FIORENZO16234539345393ASSENZA INGIUSTIFICATA
CANNETO MARCO;2144;12/04/2024;12/04/2024;CONGEDO;1;SINDACALE;CANNETO MARCO21444539445394CONGEDO
SCHIAVON MIRCO;1274;12/04/2024;13/04/2024;MALATTIA;2;;SCHIAVON MIRCO12744539445395MALATTIA
CASSANDRA MICHELE;2830;12/04/2024;13/04/2024;MALATTIA;2;;CASSANDRA MICHELE28304539445395MALATTIA
IAVECCO FIORENZO;1623;12/04/2024;11/05/2024;MALATTIA;24;;IAVECCO FIORENZO16234539445423MALATTIA
CANNETO MARCO;2144;13/04/2024;13/04/2024;FERIE;1;;CANNETO MARCO21444539545395FERIE
VECCHIO ROBERTO;2802;13/04/2024;13/04/2024;FERIE;1;;VECCHIO ROBERTO28024539545395FERIE
SGARRO MAURO;2523;13/04/2024;13/04/2024;FERIE;1;;SGARRO MAURO25234539545395FERIE
BOULYAF MOHAMED;2941;13/04/2024;14/04/2024;MALATTIA;1;;BOULYAF MOHAMED29414539545396MALATTIA
JOOFENTU OUSAIN;2800;14/04/2024;08/05/2024;FERIE;19;;JOOFENTU OUSAIN28004539645420FERIE
SCHIAVON MIRCO;1274;15/04/2024;17/04/2024;MALATTIA;3;;SCHIAVON MIRCO12744539745399MALATTIA
BOUNAHROUF HASSAN;3276;15/04/2024;26/04/2024;MALATTIA;10;;BOUNAHROUF HASSAN32764539745408MALATTIA
BOVI GIANMARIA;2017;15/04/2024;20/04/2024;FERIE;6;;BOVI GIANMARIA20174539745402FERIE
TRAMA NICOLA;897;15/04/2024;23/04/2024;INFORTUNIO;8;;TRAMA NICOLA8974539745405INFORTUNIO
BOULYAF MOHAMED;2941;15/04/2024;21/04/2024;INFORTUNIO;6;;BOULYAF MOHAMED29414539745403INFORTUNIO
EL BADEO ABDERHIM;1407;16/04/2024;16/04/2024;FERIE;1;;EL BADEO ABDERHIM14074539845398FERIE
KEBBEHPBARTE EMANUEL;2482;16/04/2024;16/04/2024;FERIE;1;;KEBBEHPBARTE EMANUEL24824539845398FERIE
PINNA LUCA;3209;16/04/2024;30/04/2024;MALATTIA;12;;PINNA LUCA32094539845412MALATTIA
ZOMPELLATO FRANCESCO;3229;16/04/2024;18/04/2024;FERIE;3;;ZOMPELLATO FRANCESCO32294539845400FERIE
GNOCCHI BARTOLOMEO;1117;17/04/2024;17/04/2024;FERIE;1;;GNOCCHI BARTOLOMEO11174539945399FERIE
JOBARTEH JAMES;2971;17/04/2024;17/04/2024;FERIE;1;MALATTIA, CONCORDATE FERIE;JOBARTEH JAMES29714539945399FERIE
GORGHI ENEA;2133;17/04/2024;20/04/2024;MALATTIA;4;;GORGHI ENEA21334539945402MALATTIA
SANTONI DAVIDE;3063;18/04/2024;20/04/2024;CONGEDO;3;MATRIMONIALE;SANTONI DAVIDE30634540045402CONGEDO
CANNETO MARCO;2144;18/04/2024;18/04/2024;CONGEDO;1;SINDACALE;CANNETO MARCO21444540045400CONGEDO
SUL FORTIS;2813;18/04/2024;20/04/2024;FERIE;3;;SUL FORTIS28134540045402FERIE
BISCEGLIE PAOLO;2141;18/04/2024;18/04/2024;FERIE;1;;BISCEGLIE PAOLO21414540045400FERIE
DIMAS KHADIMIR;2836;18/04/2024;18/04/2024;MALATTIA;1;;DIMAS KHADIMIR28364540045400MALATTIA
SCHIAVON LUCA;1897;19/04/2024;19/04/2024;FERIE;1;ASSENZA INGIUSTIFICATA, MALATTIA NO N. PROTOCOLLO, ACCORDATE FERIE;SCHIAVON LUCA18974540145401FERIE
SCHIAVON MIRCO;1274;19/04/2024;20/04/2024;MALATTIA;2;;SCHIAVON MIRCO12744540145402MALATTIA
DIMAS KHADIMIR;2836;19/04/2024;20/04/2024;MALATTIA;2;;DIMAS KHADIMIR28364540145402MALATTIA
SANCHEZ FIGARO LUCAS;2143;19/04/2024;01/05/2024;MALATTIA;9;;SANCHEZ FIGARO LUCAS21434540145413MALATTIA
TERRIZZO STEFANO;1992;20/04/2024;01/05/2024;FERIE;8;;TERRIZZO STEFANO19924540245413FERIE
SETA MANUELE;2524;20/04/2024;20/04/2024;FERIE;1;;SETA MANUELE25244540245402FERIE
GRAZIA DAMIANO;3186;20/04/2024;20/04/2024;FERIE;1;MADRE IN OSPEDALE, ACCORDATE FERIE;GRAZIA DAMIANO31864540245402FERIE
GORGHI ENEA;2133;22/04/2024;27/04/2024;MALATTIA;5;;GORGHI ENEA21334540445409MALATTIA
SCHIAVON LUCA;1897;22/04/2024;22/04/2024;FERIE;1;MACCHINA IN AVARIA, RICHIESTA RICEVUTA, VISUALIZZATA;SCHIAVON LUCA18974540445404FERIE
SCHIAVON MIRCO;1274;22/04/2024;24/04/2024;MALATTIA;3;;SCHIAVON MIRCO12744540445406MALATTIA
ARITON STEFAN;3141;22/04/2024;22/04/2024;FERIE;1;;ARITON STEFAN31414540445404FERIE
SANTONI DAVIDE;3063;23/04/2024;27/04/2024;CONGEDO;4;MATRIMONIALE;SANTONI DAVIDE30634540545409CONGEDO
SCHIAVON LUCA;1897;23/04/2024;23/04/2024;FERIE;1;DICE DI AVERE PROBLEMI CON LA MAMMA IN OSPEDALE, ACCORDATE FERIE;SCHIAVON LUCA18974540545405FERIE
TRAMA NICOLA;897;24/04/2024;01/05/2024;INFORTUNIO;5;;TRAMA NICOLA8974540645413INFORTUNIO
TERRIZZO STEFANO;1992;25/04/2024;25/04/2024;FESTIVO;0;;TERRIZZO STEFANO19924540745407FESTIVO
JOOFENTU OUSAIN;2800;25/04/2024;25/04/2024;FESTIVO;0;;JOOFENTU OUSAIN28004540745407FESTIVO
REL HAJ HASSANE;2142;25/04/2024;25/04/2024;FESTIVO;0;;REL HAJ HASSANE21424540745407FESTIVO
MAGGIO CECILIA;3236;25/04/2024;25/04/2024;FESTIVO;0;;MAGGIO CECILIA32364540745407FESTIVO
SANTONI DAVIDE;3063;25/04/2024;25/04/2024;FESTIVO;0;;SANTONI DAVIDE30634540745407FESTIVO
SANCHEZ FIGARO LUCAS;2143;25/04/2024;25/04/2024;FESTIVO;0;;SANCHEZ FIGARO LUCAS21434540745407FESTIVO
MAGGIO CECILIA;3236;26/04/2024;26/04/2024;FERIE;1;;MAGGIO CECILIA32364540845408FERIE
CANNETO MARCO;2144;29/04/2024;29/04/2024;CONGEDO;1;STUDIO;CANNETO MARCO21444541145411CONGEDO
TERRIZZO STEFANO;1992;01/05/2024;01/05/2024;FESTIVO;0;;TERRIZZO STEFANO19924541345413FESTIVO
JOOFENTU OUSAIN;2800;01/05/2024;01/05/2024;FESTIVO;0;;JOOFENTU OUSAIN28004541345413FESTIVO
SANCHEZ FIGARO LUCAS;2143;01/05/2024;01/05/2024;FESTIVO;0;;SANCHEZ FIGARO LUCAS21434541345413FESTIVO
LANDONI ENRICO;1657;06/05/2024;18/05/2024;FERIE;12;;LANDONI ENRICO16574541845430FERIE
CANNETO MARCO;2144;09/05/2024;09/05/2024;CONGEDO;1;STUDIO;CANNETO MARCO21444542145421CONGEDO
POMPEO ANDREA;3088;24/04/2024;28/04/2024;FERIE;3;INFORTUNIO, CONCORDATE FERIE;POMPEO ANDREA30884540645410FERIE
POMPEO ANDREA;3088;25/04/2024;25/04/2024;FESTIVO;0;;POMPEO ANDREA30884540745407FESTIVO
CEBOLI ANDREA;1353;22/04/2024;22/04/2024;FERIE;1;;CEBOLI ANDREA13534540445404FERIE
PANTER ROMAN;1858;23/04/2024;23/04/2024;FERIE;1;;PANTER ROMAN18584540545405FERIE
VILLAS GAGA FERNANDO ALEJANDRO ROBERTO;3091;23/04/2024;23/04/2024;FERIE;1;;VILLAS GAGA FERNANDO ALEJANDRO ROBERTO30914540545405FERIE
LUTANURI ANDREI;3216;24/04/2024;24/04/2024;FERIE;1;;LUTANURI ANDREI32164540645406FERIE
SEYDINI EL HAJ;2722;24/04/2024;24/04/2024;FERIE;1;;SEYDINI EL HAJ27224540645406FERIE
FORNARI VALERIO;3245;25/04/2024;25/04/2024;FESTIVO;0;;FORNARI VALERIO32454540745407FESTIVO
CASSANDRA MICHELE;2830;25/04/2024;25/04/2024;FESTIVO;0;;CASSANDRA MICHELE28304540745407FESTIVO
MARKOVIC DAN;3064;25/04/2024;25/04/2024;FESTIVO;0;;MARKOVIC DAN30644540745407FESTIVO
CECCHETTI SAMUELE;1529;26/04/2024;27/04/2024;FERIE;2;;CECCHETTI SAMUELE15294540845409FERIE
SCHIAVON MIRCO;1274;25/04/2024;25/04/2024;FESTIVO;0;;SCHIAVON MIRCO12744540745407FESTIVO
