﻿NOMINATIVO;MATRICOLA;DATA;TIPOLOGIA ASSENZA;ORE PERMESSO;ORE RITARDI;COUNT RITARDI;NOTE/ PROVVEDIMENTI;STRINGA PER DUPLICATI
FERRERO RICCARDO;1173;03/01/2024;PERMESSO;2,5;;;;FERRERO RICCARDO117345294PERMESSO
SANTONI DAVIDE;3063;03/01/2024;PERMESSO;1;;;;SANTONI DAVIDE306345294PERMESSO
FERRERO RICCARDO;1173;04/01/2024;PERMESSO;1;;;;FERRERO RICCARDO117345295PERMESSO
SANTONI DAVIDE;3063;04/01/2024;PERMESSO;0,5;;;;SANTONI DAVIDE306345295PERMESSO
FERRERO RICCARDO;1173;05/01/2024;PERMESSO;0,5;;;;FERRERO RICCARDO117345296PERMESSO
MOSTO CLAUDIO;2280;09/01/2024;PERMESSO;0,5;;;;MOSTO CLAUDIO228045300PERMESSO
DUMEATUR DANIEL;2865;16/01/2024;PERMESSO;1;;;;DUMEATUR DANIEL286545307PERMESSO
HUQIJ GIORDIVAN;1718;17/01/2024;PERMESSO;0,5;;;;HUQIJ GIORDIVAN171845308PERMESSO
SGARRO MAURO;2523;20/01/2024;PERMESSO;1,5;;;;SGARRO MAURO252345311PERMESSO
RUSU DANIEL;2908;26/01/2024;PERMESSO;1;;;;RUSU DANIEL290845317PERMESSO
MOSTO CLAUDIO;2280;30/01/2024;PERMESSO;0,5;;;;MOSTO CLAUDIO228045321PERMESSO
LANDONI ENRICO;1657;30/01/2024;PERMESSO;1,5;;;;LANDONI ENRICO165745321PERMESSO
SCHIAVON ALVISE;2306;30/01/2024;PERMESSO;1,5;;;;SCHIAVON ALVISE230645321PERMESSO
TAEJIQI NENAD;2431;02/02/2024;PERMESSO;1,5;;;;TAEJIQI NENAD243145324PERMESSO
MOSTO CLAUDIO;2280;06/02/2024;PERMESSO;1;;;;MOSTO CLAUDIO228045328PERMESSO
SULAJDINI RADU;978;12/02/2024;RITARDO;0,5;;1;;SULAJDINI RADU97845334RITARDO
BOULYAF MOHAMED;2941;12/02/2024;PERMESSO;0,5;;;;BOULYAF MOHAMED294145334PERMESSO
MAGGIO CECILIA;3236;13/02/2024;PERMESSO;2;;;;MAGGIO CECILIA323645335PERMESSO
MOSTO CLAUDIO;2280;13/02/2024;PERMESSO;0,5;;;;MOSTO CLAUDIO228045335PERMESSO
FERNANDO DANIEL NADEEN SAMMAT;2887;13/02/2024;PERMESSO;2;;;;FERNANDO DANIEL NADEEN SAMMAT288745335PERMESSO
MARKOVIC DAN;3064;20/02/2024;PERMESSO;1;;;;MARKOVIC DAN306445342PERMESSO
HUQIJ GIORDIVAN;1718;21/02/2024;PERMESSO;1;;;;HUQIJ GIORDIVAN171845343PERMESSO
TRAMA NICOLA;897;21/02/2024;PERMESSO;6;;;;TRAMA NICOLA89745343PERMESSO
FERNANDO DANIEL NADEEN SAMMAT;2887;26/02/2024;PERMESSO;1;;;;FERNANDO DANIEL NADEEN SAMMAT288745348PERMESSO
SETA MANUELE;2524;27/02/2024;PERMESSO;1;;;;SETA MANUELE252445349PERMESSO
VILLAS GAGA FERNANDO ALEJANDRO ROBERTO;3091;02/03/2024;PERMESSO;1,5;;;;VILLAS GAGA FERNANDO ALEJANDRO ROBERTO309145353PERMESSO
RUSSO VITTORIO;2828;05/03/2024;PERMESSO;2;;;;RUSSO VITTORIO282845356PERMESSO
FERRERO RICCARDO;1173;06/03/2024;PERMESSO;1,5;;;;FERRERO RICCARDO117345357PERMESSO
BOVI GIANMARIA;2017;06/03/2024;PERMESSO;0,5;;;;BOVI GIANMARIA201745357PERMESSO
MAGGIO CECILIA;3236;08/03/2024;PERMESSO;3,5;;;;MAGGIO CECILIA323645359PERMESSO
DUMEATUR DANIEL;2865;09/03/2024;PERMESSO;1;;;;DUMEATUR DANIEL286545360PERMESSO
TAEJIQI NENAD;2431;11/03/2024;PERMESSO;1,5;;;;TAEJIQI NENAD243145362PERMESSO
HUQIJ GIORDIVAN;1718;11/03/2024;PERMESSO;0,5;;;;HUQIJ GIORDIVAN171845362PERMESSO
MOSTO CLAUDIO;2280;12/03/2024;PERMESSO;1,5;;;;MOSTO CLAUDIO228045363PERMESSO
CANNETO MARCO;2144;12/03/2024;PERMESSO;1;;;;CANNETO MARCO214445363PERMESSO
SULAJDINI RADU;978;13/03/2024;PERMESSO;1;;;;SULAJDINI RADU97845364PERMESSO
DUMEATUR DANIEL;2865;13/03/2024;PERMESSO;1;;;;DUMEATUR DANIEL286545364PERMESSO
SGARRO MAURO;2523;13/03/2024;PERMESSO;5,5;;;;SGARRO MAURO252345364PERMESSO
DIMAS KHADIMIR;2836;14/03/2024;PERMESSO;1;;;;DIMAS KHADIMIR283645365PERMESSO
IAVECCO FIORENZO;1623;14/03/2024;PERMESSO;0,5;;;;IAVECCO FIORENZO162345365PERMESSO
MAGGIO CECILIA;3236;18/03/2024;PERMESSO;2,5;;;;MAGGIO CECILIA323645369PERMESSO
RUSSO VITTORIO;2828;20/03/2024;PERMESSO;2;;;;RUSSO VITTORIO282845371PERMESSO
SGARRO MAURO;2523;20/03/2024;PERMESSO;2;;;;SGARRO MAURO252345371PERMESSO
FERRERO RICCARDO;1173;20/03/2024;PERMESSO;1,5;;;;FERRERO RICCARDO117345371PERMESSO
VILLAS GAGA FERNANDO ALEJANDRO ROBERTO;3091;20/03/2024;PERMESSO;4;;;;VILLAS GAGA FERNANDO ALEJANDRO ROBERTO309145371PERMESSO
ARITON STEFAN;3141;22/03/2024;PERMESSO;1;;;;ARITON STEFAN314145373PERMESSO
DUMEATUR DANIEL;2865;23/03/2024;PERMESSO;1;;;;DUMEATUR DANIEL286545374PERMESSO
GNOCCHI BARTOLOMEO;1117;27/03/2024;PERMESSO;2;;;;GNOCCHI BARTOLOMEO111745378PERMESSO
CECCHETTI SAMUELE;1529;27/03/2024;PERMESSO;2;;;;CECCHETTI SAMUELE152945378PERMESSO
FERRERO RICCARDO;1173;27/03/2024;PERMESSO;2;;;;FERRERO RICCARDO117345378PERMESSO
GNOCCHI BARTOLOMEO;1117;28/03/2024;PERMESSO;0,5;;;;GNOCCHI BARTOLOMEO111745379PERMESSO
ARITON STEFAN;3141;30/03/2024;RITARDO;0,5;;1;;ARITON STEFAN314145381RITARDO
AZIMAR GABRIEL KWAKUNGE;2449;30/03/2024;RITARDO;0,5;;1;;AZIMAR GABRIEL KWAKUNGE244945381RITARDO
GAVAN OVIDIU ION;3164;02/04/2024;PERMESSO;1;;;;GAVAN OVIDIU ION316445384PERMESSO
MOSTO CLAUDIO;2280;02/04/2024;PERMESSO;3;;;;MOSTO CLAUDIO228045384PERMESSO
RUSSO VITTORIO;2828;03/04/2024;PERMESSO;2;;;;RUSSO VITTORIO282845385PERMESSO
CANNETO MARCO;2144;05/04/2024;PERMESSO;1;;;;CANNETO MARCO214445387PERMESSO
VILLAS GAGA FERNANDO ALEJANDRO ROBERTO;3091;08/04/2024;PERMESSO;1,5;;;;VILLAS GAGA FERNANDO ALEJANDRO ROBERTO309145390PERMESSO
MAGGIO CECILIA;3236;10/04/2024;PERMESSO;2,5;;;;MAGGIO CECILIA323645392PERMESSO
MARCHE BIANCA;3129;12/04/2024;PERMESSO;3,5;;;;MARCHE BIANCA312945394PERMESSO
BOUNAHROUF HASSAN;3276;13/04/2024;PERMESSO;2;;;;BOUNAHROUF HASSAN327645395PERMESSO
LUTANURI ANDREI;3216;13/04/2024;PERMESSO;1,5;;;;LUTANURI ANDREI321645395PERMESSO
CECCHETTI SAMUELE;1529;17/04/2024;PERMESSO;1;;;;CECCHETTI SAMUELE152945399PERMESSO
MAGGIO CECILIA;3236;29/04/2024;PERMESSO;4,5;;;;MAGGIO CECILIA323645411PERMESSO
