﻿COGNOME NOME;MATRICOLA;DATA DI NASCITA;ETÀ;LUOGO DI NASCITA;CITTADINANZA;CODICE FISCALE;RESIDENZA;DOMICILIO;DISTANZA DAL LUOGO DI LAVORO IN KM;DATA INIZIO;TIPOLOGIA CONTRATTO;DATA FINE;MOTIVO FINE;STATO;SOCIO;INDENNITA' DI MANSIONE;NUMERO SCATTI DI ANZIANITA';LIVELLO;MANSIONI;AREA;INDENNITA' DI GUIDA;BUSTO;PANTALONI;SCARPE;GUANTI
ARITON STEFAN;3141;29/09/1975;48;ROMANIA (UE);ROU;ARASTFN75P29H501R;PADOVA (PD) 35132 - VIA VOLFANGO AMEDEO MOZART 43;PADOVA (PD) 35132 - VIA VOLFANGO AMEDEO MOZART 43;9,9;26/10/2023;TEMPO DETERMINATO;30/06/2024;;ATTIVO;;;0;1B;OPERATORE ECO;;;L;46;42;10
AZIMAR GABRIEL KWAKUNGE;2449;05/03/1995;29;GHANA (EE);GHA;ZMRGRL95C05Z100T;ABANO TERME (PD) 35031 - VIA PRIMO MAGGIO 45/F;ABANO TERME (PD) 35031 - VIA PRIMO MAGGIO 45/F;9;02/01/2022;TEMPO INDETERMINATO;;;ATTIVO;SI';;2;2B;AUTISTA PAT. B;;;M;44;42;10
BACIU VALENTIN;2;01/04/1964;60;MOLDAVIA (EE);ITA;BCGVLN64D01F839F;ABANO TERME (PD) 35031 - VIA SAN GIOVANNI BOSCO 18;ABANO TERME (PD) 35031 - VIA SAN GIOVANNI BOSCO 18;9,9;09/08/2016;TEMPO INDETERMINATO;;;ATTIVO;SI';;7;3A;AUTISTA PAT. C;CONDUZIONE;SI';3XL;58;45;11
BELMOR AHMED;1406;28/03/1979;45;MAROCCO (EE);MAR;BLMHMD79C28F839M;AGNA (PD) 35021 - VIA ALDO MORO 11/A;AGNA (PD) 35021 - VIA ALDO MORO 11/A;46,6;02/01/2019;TEMPO INDETERMINATO;;;ATTIVO;NO;;5;3B;AUTISTA PAT. C;CONDUZIONE;SI';XL;50;43;10
BENAYA HARAT;2137;01/01/1966;58;MAROCCO (EE);ITA;BNYYHR66A01F839B;ALBIGNASEGO (PD) 35020 - VIA MAMELI 85;ALBIGNASEGO (PD) 35020 - VIA MAMELI 85;15;04/01/2021;TEMPO INDETERMINATO;;;ATTIVO;NO;;3;3A;AUTISTA PAT. C;CONDUZIONE;SI';2XL;60;43;10
BERNARDO MAURIZIO;2132;18/02/1966;58;MONSELICE (PD);ITA;BRNMRZ66B18F839V;ALBIGNASEGO (PD) 35020 - VIA SANT'ANDREA 4;ALBIGNASEGO (PD) 35020 - VIA SANT'ANDREA 4;15,9;04/01/2021;TEMPO INDETERMINATO;;;ATTIVO;NO;;3;3B;AUTISTA PAT. C;CONDUZIONE;SI';2XL;54;44;10
BISCEGLIE PAOLO;2141;29/01/1962;62;VENEZIA (VE);ITA;BSCPLA62A29L736N;ARCUGNANO (VI) 36057 - VIA BERNARDINO 132;ARCUGNANO (VI) 36057 - VIA BERNARDINO 132;34,1;04/01/2021;TEMPO INDETERMINATO;;;ATTIVO;NO;;3;4A;AUTISTA PAT. B;;;M;52;41;10
BOULYAF MOHAMED;2941;01/01/1979;45;MAROCCO (EE);MAR;BLFHSN79A01F839B;ARQUA' PETRARCA (PD) 35032 - VIA PALAZZINA 22;ARQUA' PETRARCA (PD) 35032 - VIA PALAZZINA 22;27;29/05/2023;TEMPO DETERMINATO;30/04/2024;TERMINE CONTRATTO DATORE;TERMINATO;;;0;1B;OPERATORE ECO;;;;;;
BOUNAHROUF HASSAN;3276;03/06/1980;43;MAROCCO (EE);MAR;BNHRFH80H03F839B;BOVOLENTA (PD) 35024 - PIAZZETTA SAN MARCO 6;BOVOLENTA (PD) 35024 - PIAZZETTA SAN MARCO 6;26,8;23/03/2024;TEMPO INDETERMINATO;;;ATTIVO;NO;;0;3A;AUTISTA PAT. C;CONDUZIONE;SI';M;41;42;10
BOVI GIANMARIA;2017;14/02/1967;57;PIANIGA (VE);ITA;BVGMRA67B14F839B;CADONEGHE (PD) 35010 - VIA GAETANO RIGOTTI 23/A;CADONEGHE (PD) 35010 - VIA GAETANO RIGOTTI 23/A;15,1;11/02/2020;TEMPO INDETERMINATO;;;ATTIVO;NO;;4;4B;AUTISTA PAT. C;;;3XL;64;42;10
CAMARA ALEX;2866;03/06/1990;33;MALI (EE);MLI;CMRLXA90F03Z100K;CADONEGHE (PD) 35010 - VIA GIACOMO LEOPARDI 10 i. 7;CADONEGHE (PD) 35010 - VIA GIACOMO LEOPARDI 10 i. 7;13,4;04/04/2023;TEMPO INDETERMINATO;;;ATTIVO;SI';;1;2B;AUTISTA PAT. B;;;L;46;43;10
CANNETO MARCO;2144;09/07/1986;37;ACQUAVIVA DELLE FONTI (BA);ITA;CNNTMR86L09B001A;CASSOLA (VI) 36022 - VIA CALIBRI 1;CASSOLA (VI) 36022 - VIA CALIBRI 1;45,1;04/01/2021;TEMPO INDETERMINATO;;;ATTIVO;NO;;3;4B;AUTISTA PAT. C;;;XL;54;43;10
CARDON ALESSIO;2721;21/02/1977;47;MONSELICE (PD);ITA;CRDLSA77B21F839A;CATONA (RC) 89100 - VIA RANIERI 25;PADOVA (PD) 35129 - VIA ODERZO 12 B;11,4;10/03/2022;TEMPO INDETERMINATO;;;ATTIVO;NO;;2;1B;OPERATORE ECO;;;M;46;43;10
CASSANDRA MICHELE;2830;02/04/1975;49;DOLO (VE);ITA;CSSNDM75D02D620W;CORREZZOLA (PD) 35020 - VIA GIACOMO MATTEOTTI 24;CORREZZOLA (PD) 35020 - VIA GIACOMO MATTEOTTI 24;37,7;03/08/2023;TEMPO INDETERMINATO;;;ATTIVO;NO;;0;3B;AUTISTA PAT. C;CONDUZIONE;SI';2XL;54;43;10
CEBOLI ANDREA;1353;02/09/1997;26;PADOVA (PD);ITA;CBLNDR97P02G224E;DOLO (VE) 30031 - VIA ARGINE SINISTRO 37;DOLO (VE) 30031 - VIA ARGINE SINISTRO 37;28,1;26/11/2018;TEMPO INDETERMINATO;;;ATTIVO;SI';;5;2B;AUTISTA PAT. B;;;XL;54;44;10
CECCHETTI SAMUELE;1529;02/02/1971;53;PIOVE DI SACCO (PD);ITA;CCCTS72M02G224U;FOSSO' (VE), 30030 - VIA PROVINCIALE SUD 274/3;FOSSO' (VE), 30030 - VIA PROVINCIALE SUD 274/3;27,4;27/05/2019;TEMPO INDETERMINATO;;;ATTIVO;SI';;4;3B;AUTISTA PAT. C;CONDUZIONE;SI';2XL;56;44;11
CROCEAN ANTONIO;3190;27/02/1969;55;LECCO (LC);ITA;CRCNTN69B27E481L;LIMENA (PD) 35010 - VIA DEL SANTO 252;PADOVA (PD) 35124 - VIA DEL COMMISSARIO 42;11;14/12/2023;TEMPO DETERMINATO;11/01/2024;MANCATO SUP. PERIODO DI PROVA;TERMINATO;;;0;3B;IMPIEGATA;UFFICIO;;;;;
COLOMBINA MARIA;2477;23/04/1964;60;GALZIGNANO TERME (PD);ITA;CLBMRM64D23D972W;MESTRINO (PD) 35035 - VIA CESARE BATTISTI 28;MESTRINO (PD) 35035 - VIA CESARE BATTISTI 28;5,6;18/03/2022;TEMPO INDETERMINATO;31/01/2024;PENSIONAMENTO;TERMINATO;;;2;3B;AUTISTA PAT. C;CONDUZIONE;SI';;;;
CRESCENTE ETTORE;3258;24/03/1976;48;ROMANIA (UE);ROU;CRSCTT76C24H501E;MIRA (VE) 30034 - VIA ARGINE SINISTRO NOVISSIMO 83/A;COMPOLONGO MAGGIORE (VE) 30010 - VIA CLAUDIO MONTEVERDI 17 ;28,1;18/03/2024;TEMPO DETERMINATO;30/06/2024;;ATTIVO;;;0;1B;OPERATORE ECO;;;XL;54;43;10
DIMAS KHADIMIR;2836;12/02/1985;39;SENEGAL (EE);SEN;DMSKDR85C12H501K;MONSELICE (PD) 35043 - VIA VALLONGO 7;MONSELICE (PD) 35043 - VIA VALLONGO 7;32;16/03/2023;TEMPO INDETERMINATO;;;ATTIVO;NO;;1;3B;AUTISTA PAT. C;CONDUZIONE;SI';M;46;41;10
DUMEATUR DANIEL;2865;11/06/1985;38;ROMANIA (UE);ROU;DMTDNL85H11H501D;MOSELICE (PD) 35043 - VIA NICOLO' DE CONTI 9/1;MOSELICE (PD) 35043 - VIA NICOLO' DE CONTI 9/1;29,1;17/04/2023;TEMPO INDETERMINATO;;;ATTIVO;SI';;1;2B;AUTISTA PAT. B;;;XL;50;44;10
EMEKHOR ISO OMONGIATE;3065;09/03/1977;47;NIGERIA (EE);NGA;EMKHSO77C09F839R;PADOVA (PD) 35100 - VIA LUNGARGINE DEL BRENTA 16;PADOVA (PD) 35100 - VIA LUNGARGINE DEL BRENTA 16;18,4;08/03/2023;TEMPO DETERMINATO;30/06/2024;;ATTIVO;;;1;J;OPERATORE ECO;;;XL;54;45;10
EL BADEO ABDERHIM;1407;01/01/1975;49;MAROCCO (EE);MAR;LBDRHM75A01F839A;PADOVA (PD) 35124 - VIA DELL'ORNA 12;PADOVA (PD) 35124 - VIA DELL'ORNA 12;9,1;02/01/2019;TEMPO INDETERMINATO;;;ATTIVO;NO;;5;3B;AUTISTA PAT. C;CONDUZIONE;SI';L;48;42;10
ELBERT LESLY RAN PAOL;2272;20/02/1984;40;MAROCCO (EE);MAR;LBRTRP84B20F839L;PADOVA (PD) 35125 - VIA PASCOLI GIOVANNI 12;PADOVA (PD) 35125 - VIA PASCOLI GIOVANNI 12;10;30/06/2021;TEMPO INDETERMINATO;;;ATTIVO;NO;;2;3B;AUTISTA PAT. C;SPAZZAMENTO;;XL;52;42;10
EL KASTANJI ABDELALI;3246;20/03/1964;60;SRI LANKA (EE);LKA;LKSTNJ64P20I131A;PADOVA (PD) 35125 - VIA PIETRO VERRI 3;PADOVA (PD) 35125 - VIA PIETRO VERRI 3;9,4;07/03/2024;TEMPO DETERMINATO;30/06/2024;;ATTIVO;;;0;1B;OPERATORE ECO;;;L;50;42;10
EMITOR JOHN;3009;11/09/1978;45;NIGERIA (EE);NGA;EMTRJN78L11F839J;PADOVA (PD) 35127 - VIA PIOVESE 43;PADOVA (PD) 35127 - VIA PIOVESE 43;11,1;27/06/2023;TEMPO DETERMINATO;31/01/2024;TERMINE CONTRATTO DATORE;TERMINATO;;;0;J;OPERATORE ECO;;;;;;
FATAN HMIDA;2754;21/04/1981;43;KINTAMPO GHANA (EE);GHA;FTNHMD81D21I301F;PADOVA (PD) 35127 - VIA ROSOLINO PILO 9/1;PADOVA (PD) 35127 - VIA ROSOLINO PILO 9/1;17,9;29/11/2022;TEMPO INDETERMINATO;;;ATTIVO;NO;;1;1B;OPERATORE ECO;;;L;54;43;10
FERNANDO DANIEL NADEEN SAMMAT;2887;28/11/1976;47;SRI LANKA (EE);LKA;FRNNDD76S28I301F;PADOVA (PD) 35128 - VIA MAGENTA 11;PADOVA (PD) 35128 - VIA MAGENTA 11;5,9;18/04/2023;TEMPO INDETERMINATO;;;ATTIVO;SI';;1;1B;AUTISTA PAT. B;;;XL;54;42;9
FERRERO RICCARDO;1173;15/08/1965;58;MASERA’ DI PADOVA (PD);ITA;FRRRCO65M15F839R;PADOVA (PD) 35128 - VIA P. PINTON 17;PADOVA (PD) 35128 - VIA P. PINTON 17;13,1;06/11/2018;TEMPO INDETERMINATO;;;ATTIVO;SI';100,00 €;5;4A;CAPOSQUADRA;OPERATIVO;;;;;
FORNARI VALERIO;3245;31/08/1983;40;PALERMO (PA);ITA;FRNRVL83P31G273F;PADOVA (PD) 35128 - VIA SAN FIDENZIO 43;VILLAFRANCA PADOVANA (PD) 35010 - VIA BELLINI 1;8,7;07/03/2024;TEMPO DETERMINATO;30/06/2024;;ATTIVO;;;0;1B;OPERATORE ECO;;;XL;50;43;10
GAVAN OVIDIU ION;3164;07/02/1985;39;ROMANIA (UE);ROU;GVNVDI85B07G224O;PADOVA (PD) 35129 - VIA FRATELLI CARRARO 37 i. 12;PADOVA (PD) 35129 - VIA FRATELLI CARRARO 37 i. 12;11,5;20/11/2023;TEMPO DETERMINATO;31/10/2024;;ATTIVO;;;0;3B;AUTISTA PAT. C;CONDUZIONE;SI';XL;56;44;10
GNOCCHI BARTOLOMEO;1117;18/03/1966;58;CONSELVE (PD);ITA;GNBBRT66R18C621T;PADOVA (PD) 35129 - VIA ORLANDO GALANTE 15;PADOVA (PD) 35129 - VIA ORLANDO GALANTE 15;10,2;05/07/2018;TEMPO INDETERMINATO;;;ATTIVO;SI';;5;2B;AUTISTA PAT. B;;;M;46;39;10
GORGHI ENEA;2133;24/06/1958;65;MONZA (MB);ITA;GRGHEN58H24F839E;PADOVA (PD) 35132 - VIA GEROLAMO FRESCOBALDI 3;PADOVA (PD) 35132 - VIA GEROLAMO FRESCOBALDI 3;9,2;04/01/2021;TEMPO INDETERMINATO;;;ATTIVO;NO;;3;2A;AUTISTA PAT. B;;;2XL;64;43;10
GRAZIA DAMIANO;3186;22/03/1968;56;PADOVA (PD);ITA;GRZDMM68C22G224D;PADOVA (PD) 35132 - VIA R. WAGNER 3;PADOVA (PD) 35132 - VIA R. WAGNER 3;9;12/11/2023;TEMPO DETERMINATO;31/10/2024;;ATTIVO;;;0;3B;AUTISTA PAT. C;CONDUZIONE;SI';L;50;42;10
GUARDO ARIEL;2967;03/11/1988;35;ARGENTINA (EE);ITA;GRDRRL88R03A009A;PADOVA (PD) 35133 - VIA ALTICHIERO 145 i.1;PADOVA (PD) 35133 - VIA ALTICHIERO 145 i.1;9,8;06/05/2023;TEMPO DETERMINATO;28/02/2024;DIMISSIONI;TERMINATO;;;1;3B;AUTISTA PAT. C;CONDUZIONE;SI';;;;
HAFEJAN MUSTAPHA;3089;01/01/1979;45;MAROCCO (EE);MAR;HFJMST79A01F839H;PADOVA (PD) 35133 - VIA BERTI GIAMPAOLO 23;PADOVA (PD) 35133 - VIA BERTI GIAMPAOLO 23;11;09/06/2023;TEMPO DETERMINATO;14/01/2024;TERMINE CONTRATTO DATORE;TERMINATO;;;0;1B;OPERATORE ECO;;;;;;
HUQIJ GIORDIVAN;1718;30/07/1986;37;ALBANIA (EE);ALB;HQJHVN86L30A001G;PADOVA (PD) 35133 - VIA BERTI GIAMPAOLO 23;PADOVA (PD) 35133 - VIA BERTI GIAMPAOLO 23;11;13/01/2020;TEMPO INDETERMINATO;;;ATTIVO;SI';;4;3B;AUTISTA PAT. B;SPAZZAMENTO;;L;54;43;10
IAVECCO FIORENZO;1623;19/08/1982;41;NAPOLI (NA);ITA;VCCFZN82M19F839V;PADOVA (PD) 35133 - VIA GIANPAOLO BERTI 1;PADOVA (PD) 35133 - VIA GIANPAOLO BERTI 1;3,9;08/12/2019;TEMPO INDETERMINATO;;;ATTIVO;NO;;4;3B;AUTISTA PAT. C;CONDUZIONE;SI';L;50;42;10
IKPEMUBA MATTHEW;2868;02/10/1987;36;NIGERIA (EE);NGA;IKPMMT87H02F839M;PADOVA (PD) 35133 - VIA GRAZIOSO ANTONIO 3;PADOVA (PD) 35133 - VIA GRAZIOSO ANTONIO 3;10,6;17/04/2023;TEMPO DETERMINATO;10/01/2024;DIMISSIONI;TERMINATO;;;1;J;OPERATORE ECO;;;;;;
JOBARTEH JAMES;2971;11/09/1991;32;GAMBIA (EE);GMB;JBRRTJ91I11Z501J;PADOVA (PD) 35134 - VIA ASPETTI TIZIANO 269;PADOVA (PD) 35134 - VIA ASPETTI TIZIANO 269;9;21/06/2023;TEMPO INDETERMINATO;;;ATTIVO;SI';;0;3B;AUTISTA PAT. C;CONDUZIONE;SI';M;48;45;10
JOOFENTU OUSAIN;2800;27/09/1999;24;GAMBIA (EE);GMB;JFNTS99P27Z501O;PADOVA (PD) 35134 - VIA MICHELANGELO BUONAROTTI 191;PADOVA (PD) 35134 - VIA MICHELANGELO BUONAROTTI 191;7,9;24/01/2023;TEMPO INDETERMINATO;;;ATTIVO;SI';;1;J;OPERATORE ECO;;;L;46;43;11
KEBBEHPBARTE EMANUEL;2482;16/01/1997;27;GAMBIA (EE);GMB;KBBMNL97B16D969K;PADOVA (PD) 35135 - VIA ANNIBALE DA BASSANO 60;PADOVA (PD) 35135 - VIA ANNIBALE DA BASSANO 60;7,5;04/04/2022;TEMPO INDETERMINATO;;;ATTIVO;SI';;2;2B;AUTISTA PAT. B;;;M;46;40;10
LACRIMA RENATO;3214;20/08/1966;57;TREPUZZI (LE);ITA;LCRMRT66R20L487R;PADOVA (PD) 35135 - VIA AVISIO 19;PADOVA (PD) 35135 - VIA AVISIO 19;8,1;22/01/2024;TEMPO DETERMINATO;05/02/2024;DIMISSIONI;TERMINATO;;;0;3B;AUTISTA PAT. C;CONDUZIONE;SI';;;;
LAHMAMIANI AHMED;1905;01/01/1977;47;MAROCCO (EE);ITA;LHMMAH77A01F839L;PADOVA (PD) 35135 - VIA BUIE 20;PADOVA (PD) 35135 - VIA BUIE 20;8,4;08/03/2020;TEMPO INDETERMINATO;;;ATTIVO;NO;;4;3B;AUTISTA PAT. C;CONDUZIONE;SI';XL;54;42;10
LAMA IVANO;2811;07/12/1996;27;ACQUAVIVA DELLE FONTI (BA);ITA;LMAVNC96T07A001I;PADOVA (PD) 35135 - VIA BUIE 22;PADOVA (PD) 35135 - VIA BUIE 22;8,4;02/10/2023;TEMPO INDETERMINATO;;;ATTIVO;NO;;0;2B;AUTISTA PAT. B;;;M;48;41;10
LANDONI ENRICO;1657;15/04/1968;56;SANT’ANGELO DI PIOVE DI SACCO (PD);ITA;LNDNRC68P15G224H;PADOVA (PD) 35136 - VIA DUE PALAZZI 32;PADOVA (PD) 35136 - VIA DUE PALAZZI 32;7,2;24/10/2019;TEMPO INDETERMINATO;;;ATTIVO;SI';;4;2B;AUTISTA PAT. B;;;XL;56;42;10
LEJAK ANKEL;2139;26/01/1978;46;ALBANIA (EE);ITA;LJKJNK78A26A001N;PADOVA (PD) 35136 - VIA MONTA' 311;PADOVA (PD) 35136 - VIA MONTA' 311;5,7;04/01/2021;TEMPO INDETERMINATO;;;ATTIVO;NO;;3;3A;AUTISTA PAT. C;CONDUZIONE;SI';L;50;40;10
LUTANURI ANDREI;3216;15/12/1996;27;MOLDAVIA (EE);MDA;LTNRDR96P15F839L;PADOVA (PD) 35136 - VIA MONTA 403 D;PADOVA (PD) 35136 - VIA MONTA 403 D;6,4;24/01/2024;TEMPO DETERMINATO;30/04/2024;TERMINE CONTRATTO DIPENDENTE;TERMINATO;;;0;1B;AUTISTA PAT. B;;;;;;
MAGGIO CECILIA;3236;05/09/1999;24;ABANO TERME (PD);ITA;MGGCLL99P05A001C;PADOVA (PD) 35138 - VIA MONTE CENGIO 7;PADOVA (PD) 35138 - VIA MONTE CENGIO 7;5,5;22/02/2024;TEMPO DETERMINATO;31/07/2024;;ATTIVO;;;0;3B;IMPIEGATA;UFFICIO;;;;;
MARCHE BIANCA;3129;01/01/1995;29;TORINO (TO);ITA;MRCHBN95A01L219B;PADOVA (PD) 35139 - VIA TOLOMEI ANTONIO 27;PADOVA (PD) 35139 - VIA TOLOMEI ANTONIO 27;5,6;12/10/2023;TEMPO INDETERMINATO;;;ATTIVO;NO;;0;4B;IMPIEGATA;UFFICIO;;;;;
MARKOVIC DAN;3064;18/12/1991;32;BASSANO DEL GRAPPA (VI);ITA;MRKVDC91R18A944M;PADOVA (PD) 35142 - VIA ASOLO 11;PADOVA (PD) 35142 - VIA ASOLO 11;10,6;08/03/2023;TEMPO DETERMINATO;30/04/2024;TERMINE CONTRATTO DATORE;TERMINATO;;;1;1B;AUTISTA PAT. B;;;;;;
MARTINO ELISABETTA;3222;27/12/1995;28;ISOLA DELLA SCALA (VR);ITA;MRTNDS95S27I539E;PADOVA (PD) 35142 - VIA BRESSANONE 28;PADOVA (PD) 35142 - VIA BRESSANONE 28;10;01/02/2024;TEMPO DETERMINATO;05/02/2024;DIMISSIONI;TERMINATO;;;0;3B;IMPIEGATA;UFFICIO;;;;;
MAXIMUS FLORENS;2867;17/02/1993;31;ROMANIA (UE);ROU;MXMFLR93B17H501M;PADOVA (PD) 35142 - VIA DECORATI AL VALOR CIVILE 3;PADOVA (PD) 35142 - VIA DECORATI AL VALOR CIVILE 3;9,4;04/07/2023;TEMPO DETERMINATO;31/01/2024;TERMINE CONTRATTO DATORE;TERMINATO;;;0;1B;AUTISTA PAT. B;;;;;;
MOSTO CLAUDIO;2280;28/01/1975;49;RIETI (RI);ITA;MSTCLD75A28H501N;PADOVA (PD) 35143 - VIA B. CAVALIERI 13;PADOVA (PD) 35143 - VIA B. CAVALIERI 13;4,6;07/12/2021;TEMPO INDETERMINATO;;;ATTIVO;NO;100,00 €;2;4A;CAPOSQUADRA;OPERATIVO;;XL;50;41;10
NADMI YOUF ABDELAZIZ;2134;30/12/1966;57;MAROCCO (EE);MAR;NDMYUF66P30E487Y;PADOVA (PD) 35143 - VIA ISACCO NEWTON 37;PADOVA (PD) 35143 - VIA MONTE DELLA MADONNA 4;5,5;04/01/2021;TEMPO INDETERMINATO;;;ATTIVO;NO;;3;2A;AUTISTA PAT. B;;;M;48;41;10
NDIAYEMINTU MORGAN;2652;23/05/1967;56;SENEGAL (EE);SEN;NDYMNM67H23I301N;PADOVA (PD) 35125 - VIA GIOVANNI PASCOLI 7 ;PADOVA (PD) 35125 - VIA GIOVANNI PASCOLI 7 ;10,6;15/07/2022;TEMPO INDETERMINATO;;;ATTIVO;SI';;1;1B;AUTISTA PAT. B;;;XL;56;44;11
OKOI OBEHI;3068;15/01/1984;40;NIGERIA (EE);NGA;KKIOBH84P15Z100O;PIANIGA (VE) 30030 - VIA RODARI 41;PIANIGA (VE) 30030 - VIA RODARI 41;20,6;08/04/2023;TEMPO DETERMINATO;31/01/2024;TERMINE CONTRATTO DATORE;TERMINATO;;;1;J;OPERATORE ECO;;;;;;
OKUNTO COLLINS MOR;3142;04/03/1975;49;NIGERIA (EE);ITA;KNTCLM75C04Z100C;PIOVE DI SACCO (PD) 35028 - VIA CASELLE 113;PIOVE DI SACCO (PD) 35028 - VIA CASELLE 113;28;26/10/2023;TEMPO DETERMINATO;30/06/2024;;ATTIVO;;;0;1B;AUTISTA PAT. B;;;2XL;50;41;10
PACCALTO TITO;3155;03/04/1972;52;PADOVA (PD);ITA;PCCTTT72C03G224T;PIOVE DI SACCO (PD) 35028 - VIA MARTE 46;PIOVE DI SACCO (PD) 35028 - VIA MARTE 46;32,2;14/11/2023;TEMPO DETERMINATO;31/10/2024;;ATTIVO;;;0;3B;AUTISTA PAT. C;CONDUZIONE;SI';3XL;56;48;11
PANTER ROMAN;1858;13/03/1983;41;UCRAINA (EE);UKR;PNTRMN83C13G224R;PIOVE DI SACCO (PD) 35028 - VIA SAN PATERNIANO 28;PIOVE DI SACCO (PD) 35028 - VIA SAN PATERNIANO 28;35,1;22/06/2020;TEMPO INDETERMINATO;;;ATTIVO;SI';;3;3B;AUTISTA PAT. C;CONDUZIONE;SI';XL;52;41;10
PINNA LUCA;3209;24/12/1984;39;PADOVA (PD);ITA;PNNLCU84T24G224L;PONTE SAN NICOLO’ (PD) 35020 - VIA GUGLIELMO MARCONI 87;PONTE SAN NICOLO’ (PD) 35020 - VIA GUGLIELMO MARCONI 87;12,6;18/01/2024;TEMPO DETERMINATO;30/04/2024;TERMINE CONTRATTO DATORE;TERMINATO;;;0;3B;AUTISTA PAT. C;CONDUZIONE;SI';;;;
POMPEO ANDREA;3088;01/01/1979;45;TORRE DEL GRECO (NA);ITA;PMPRND79A01L219A;PONTE SAN NICOLO’ (PD) 35020 - VIA XXV APRILE 5;PONTE SAN NICOLO’ (PD) 35020 - VIA XXV APRILE 5;18,5;09/06/2023;TEMPO DETERMINATO;30/06/2024;;ATTIVO;;;0;1B;OPERATORE ECO;;;L;50;44;10
PRESSA MARCO;1313;22/04/1961;63;TORREGLIA (PD);ITA;PRSMRC61C22L702S;PONTELONGO (PD) 35029 - VIA CANDIANA 1014/B;PONTELONGO (PD) 35029 - VIA CANDIANA 1014/B;33,1;25/10/2018;TEMPO INDETERMINATO;16/04/2024;LICENZIAMENTO CONCORDATO;TERMINATO;NO;;5;3B;AUTISTA PAT. C;CONDUZIONE;SI';;;;
REL HAJ HASSANE;2142;01/01/1962;62;MAROCCO (EE);ITA;RLHHJN62A01F839H;PONTELONGO (PD) 35029 - VIA SAN FRANCESCO 299;PONTELONGO (PD) 35029 - VIA SAN FRANCESCO 299;33,8;04/01/2021;TEMPO INDETERMINATO;;;ATTIVO;NO;;3;3A;AUTISTA PAT. B;SPAZZAMENTO;;M;46;41;10
RUSSO VITTORIO;2828;06/10/1985;38;CANOSA DI PUGLIA (BT);ITA;RSSVTR85R06B839V;ROSA’ (PD) 36027 - VIA A. MORO 1/A;ROSA’ (VI) 36027 - VIA A. MORO 1/A;39,1;13/03/2023;TEMPO INDETERMINATO;;;ATTIVO;SI';;1;2B;AUTISTA PAT. B;;;M;44;43;10
RUSU ABHRAM;1848;08/07/1985;38;ROMANIA (UE);ROU;RSBHRM85L08A944A;RUBANO (PD) 35030 - VIA FIRENZE 10;RUBANO (PD) 35030 - VIA FIRENZE 10;2,5;06/08/2020;TEMPO INDETERMINATO;;;ATTIVO;NO;;3;4B;AUTISTA PAT. C;CONDUZIONE;;M;52;40;10
RUSU DANIEL;2908;20/04/2000;24;ROMANIA (UE);ROU;RSDNLE00D20F839D;RUBANO (PD) 35030 - VIA ROMA 21;RUBANO (PD) 35030 - VIA ROMA 21;2,3;05/02/2023;TEMPO DETERMINATO;31/01/2024;TERMINE CONTRATTO DIPENDENTE;TERMINATO;;;1;3B;AUTISTA PAT. C;CONDUZIONE;SI';;;;
SANCHEZ FIGARO LUCAS;2143;04/04/1971;53;PERU' (EE);ITA;SNCLCS71D04G290F;RUBANO (PD) 35030 - VIA VERNISE FRASCA' 16;RUBANO (PD) 35030 - VIA VERNISE FRASCA' 16;2,4;04/01/2021;TEMPO INDETERMINATO;;;ATTIVO;NO;;3;3A;OPERATORE ECO;SPAZZAMENTO;;L;52;42;10
SANTONI DAVIDE;3063;18/10/1991;32;PADOVA (PD);ITA;SNTNVD91R18G224D;RUBANO (PD) 35030 - VIALE BRENTA 11/B;RUBANO (PD) 35030 - VIALE BRENTA 11/B;1,2;08/01/2023;TEMPO INDETERMINATO;;;ATTIVO;SI';100,00 €;1;4B;CAPOSQUADRA;OPERATIVO;;L;48;40;10
SCHIAVON ALVISE;2306;21/07/1966;57;PADOVA (PD);ITA;SHCVNL66L21G224A;SAN GIORGIO DELLE PERTICHE (PD) 35010 - VIA GIUSEPPE VERDI 7 INT. 5;SAN GIORGIO DELLE PERTICHE (PD) 35010 - VIA GIUSEPPE VERDI 7 INT. 5;20,9;27/07/2021;TEMPO INDETERMINATO;;;ATTIVO;SI';;2;2B;AUTISTA PAT. B;;;XL;52;43;10
SCHIAVON LUCA;1897;02/07/1974;49;PADOVA (PD);ITA;SHCVLU74L02G224A;SAN MARTINO DI LUPARI (PD) 35018 - VIA SANDRA 53;SAN MARTINO DI LUPARI (PD) 35018 - VIA SANDRA 53;28,8;20/07/2020;TEMPO INDETERMINATO;;;ATTIVO;SI';;3;1B;AUTISTA PAT. B;;;2XL;60;45;10
SCHIAVON MIRCO;1274;06/10/1963;60;PADOVA (PD);ITA;SHCVNC63M06G224A;SANT’ANGELO DI PIOVE DI SACCO (PD) 35020 - VIA CAVALLETTO 4;SANT’ANGELO DI PIOVE DI SACCO (PD) 35020 - VIA CAVALLETTO 4;26,5;13/09/2018;TEMPO INDETERMINATO;;;ATTIVO;NO;;5;3B;AUTISTA PAT. C;CONDUZIONE;SI';3XL;58;47;11
SETA MANUELE;2524;24/09/1967;56;PADOVA (PD);ITA;STMMLA67P24G224M;SANT’ANGELO PIOVE DI SACCO (PD) 35020 - VIA TONO ZANCANARO 40/11;SANT’ANGELO PIOVE DI SACCO (PD) 35020 - VIA TONO ZANCANARO 40/11;25,6;16/05/2022;TEMPO INDETERMINATO;;;ATTIVO;SI';;1;2B;AUTISTA PAT. B;;;2XL;56;44;10
SEYDINI EL HAJ;2722;14/06/1995;28;SENEGAL (EE);SEN;SYDNLH95R14H501E;SELVAZZANO DENTRO (PD) 35020 - VIA CARNARO 12;SELVAZZANO DENTRO (PD) 35020 - VIA CARNARO 12;4,1;10/03/2022;TEMPO INDETERMINATO;;;ATTIVO;NO;;2;1B;OPERATORE ECO;;;2XL;54;45;10
SGARRO MAURO;2523;13/09/1962;61;ABANO TERME (PD);ITA;SGRRMR62P13I169M;SELVAZZANO DENTRO (PD) 35030 - VIA BRENTELLA 18;SELVAZZANO DENTRO (PD) 35030 - VIA BRENTELLA 18;2,3;16/05/2022;TEMPO INDETERMINATO;;;ATTIVO;SI';;1;1B;AUTISTA PAT. B;;;2XL;56;46;11
SOLMINI ESTEO;1996;14/04/1969;55;ROMANIA (UE);ROU;SLMNST69D14H501S;SELVAZZANO DENTRO (PD) 35030 - VIA CARNARO 7;SELVAZZANO DENTRO (PD) 35030 - VIA CARNARO 7;4;10/08/2020;TEMPO INDETERMINATO;;;ATTIVO;SI';;3;3B;AUTISTA PAT. C;CONDUZIONE;SI';2XL;56;43;10
SULAJDINI RADU;978;10/03/1970;54;ALBANIA (EE);ALB;SLJDNR70C10A001S;SERMEOLA (PD), 35030 - VIALE PO' 45;SERMEOLA (PD), 35030 - VIALE PO' 45;1,4;08/01/2017;TEMPO INDETERMINATO;;;ATTIVO;SI';;7;3B;AUTISTA PAT. C;CONDUZIONE;SI';XL;54;43;10
SUL FORTIS;2813;06/06/1977;46;JUGOSLAVIA (EE);ITA;SFRTRS77H06Z133S;SPINEA (VE) 30038 - VIA F. BASEGGIO 30;SPINEA (VE) 30038 - VIA F. BASEGGIO 30;36,4;15/02/2023;TEMPO DETERMINATO;31/10/2024;;ATTIVO;;;1;3B;AUTISTA PAT. C;CONDUZIONE;SI';L;50;42;10
TAEJIQI NENAD;2431;15/06/1992;31;ALBANIA (EE);ALB;TQJNND92H15A001T;TREPUZZI (LE) 73019 - VIA DEI VELIERI 22;PONTE SAN NICOLO' (PD) 35020 - VIA ANTONIO NORBIATO 18;16;01/03/2022;TEMPO INDETERMINATO;;;ATTIVO;SI';;2;2B;AUTISTA PAT. B;;;L;44;43;10
TALMA VITAL;3300;23/07/1976;47;MOLDAVIA (EE);ROU;TLMVTL76M23F839T;TRIBANO (PD) 35020 - VIA BARBARIGO 91;TRIBANO (PD) 35020 - VIA BARBARIGO 91;33,5;18/04/2024;TEMPO DETERMINATO;31/10/2024;;ATTIVO;;;0;1B;OPERATORE ECO;;;L;48;43;10
TERRIZZO STEFANO;1992;06/01/1981;43;PADOVA (PD);ITA;TRRZST81A06G224T;VALBRENTA (VI) 36029 - VIA MERLO 65;VALBRENTA (VI) 36029 - VIA MERLO 65;57,7;10/01/2020;TEMPO INDETERMINATO;;;ATTIVO;SI';;4;3B;AUTISTA PAT. C;CONDUZIONE;SI';2XL;52;44;10
TRAMA NICOLA;897;09/12/1965;58;CONSELVE (PD);ITA;TRMNC65T09L949R;VENEZIA (VE) 30100 - VIA TORRE BELFREDDO 144 in.2;VENEZIA (VE) 30174 - VIA TORRE BELFREDDO 144 in.2;42,6;06/01/2017;TEMPO INDETERMINATO;;;ATTIVO;SI';;7;3A;AUTISTA PAT. C;CONDUZIONE;SI';3XL;58;47;10
VALIU ION;3247;25/09/1984;39;MOLDAVIA (EE);ROU;VLIUNN84P25F839I;VENEZIA (VE) 30174 - VIALE DON LUIGI STURZO 28;VENEZIA (VE) 30174 - VIALE DON LUIGI STURZO 28;46,3;11/03/2024;TEMPO DETERMINATO;30/06/2024;;ATTIVO;;;0;3B;AUTISTA PAT. C;CONDUZIONE;SI';M;48;43;10
VECCHIO ROBERTO;2802;09/02/1961;63;PADOVA (PD);ITA;VCCHBR61B09G224R;VESCOVAN (PD) 35040 - VIA BEATA LIDUINA 41;VESCOVAN (PD) 35040 - VIA BEATA LIDUINA 41;42,7;02/01/2023;TEMPO INDETERMINATO;;;ATTIVO;NO;;1;1B;AUTISTA PAT. B;;;M;48;45;10
VILLAS GAGA FERNANDO ALEJANDRO ROBERTO;3091;09/03/1986;38;ECUADOR (EE);ECU;VLLSGF86C09G999V;VIGONOVO (VE) 30030 - VIA MARTIRI 23;VIGONOVO (VE) 30030 - VIA MARTIRI 23;20,9;09/06/2023;TEMPO INDETERMINATO;;;ATTIVO;SI';;0;3B;AUTISTA PAT. C;CONDUZIONE;SI';L;54;42;10
ZATTERA ASIA;2284;02/07/1984;39;CAMPOSAMPIERO (PD);ITA;ZTTRS84C02B636N;VILLA DEL BOSCO DI COREZZOLA (PD) 35020 - VIA SANDANO 41;VILLA DEL BOSCO DI COREZZOLA (PD) 35020 - VIA SANDANO 41;37,1;07/12/2021;TEMPO INDETERMINATO;;;ATTIVO;NO;300,00 €;2;4B;IMPIEGATA;UFFICIO;;;;;
ZOMPELLATO FRANCESCO;3229;18/01/1968;56;CONSELVE (PD);ITA;ZMPLFT68R18C621Z;VILLAFRANCA PADOVANA(PD), 35010 - VIA MARCO POLO 7;VILLAFRANCA PADOVANA(PD), 35010 - VIA MARCO POLO 7;7,2;16/02/2024;TEMPO DETERMINATO;18/04/2024;DIMISSIONI;TERMINATO;;;0;3B;AUTISTA PAT. C;CONDUZIONE;SI';;;;
